4909110460081;Johannes ;Baale;888 TIJGER VILLAS OLD OAK ROAD BELLVILLE;7530;(039)-(774)-(3214);(043)-(177)-(4244);(024)-(500)-(6800);;
2605130248088;Letsoni ;Baepane;1088888 MOPEDI STREET SEBOKENG SONE 88B;1983;(078)-(529)-(2729);(084)-(569)-(0643);(081)-(584)-(8655);LetB@mailman.co.za;
2707050803087;Marc ;Baloyi;9 HAARHOF STREET NEW PARK;8301;(047)-(916)-(0130);(076)-(570)-(4161);(088)-(221)-(7304);;2
4511070585086;Mcebisi ;Baloyi;31 BIRD STREET 4 SILVERTONHILL PORT ELIZABETH;6001;(095)-(979)-(3460);(061)-(687)-(5206);(039)-(276)-(1991);;2
3212110757087;Navisha;Baloyi;UNIT 40, LITTLE MANHATTEN V PRETORIA WEST;0183;(095)-(228)-(6921);(064)-(897)-(8331);(070)-(491)-(1699);NBaloyi@privatemail.co.za;2
5109040274081;Nthabiseng ;Banga;30 NIKKEL STREET 8848 SILVERSTONE COUNTRY ESTA MONAVONI;0157;(045)-(111)-(1629);(015)-(228)-(5436);(022)-(168)-(1266);NthBan@myweb.co.za;
7205120917082;Richard ;Banga;UNIT 188 COUNTRY LIFE PARK 39 WITNEY STREET BRYANSTON;2191;(071)-(497)-(1338);(078)-(167)-(3492);(033)-(900)-(5511);B@mememail.org.za';2
3410210326084;Seturumane ;Banza;1 TINUS DE JONGH ROAD UNIT 1 GLEN MARAIS VIEW BIRCHLEIGH EXT 1;1618;(055)-(737)-(3275);(079)-(236)-(8345);(051)-(263)-(1955);SeBa@privatemail.co.za;
4510260369082;Nomvula ;Baulraj;HOUSE 31 - 18804 1 CARNATION CRESCENT EBONY PARK EXT 1;1632;(057)-(225)-(3056);(020)-(496)-(7366);(022)-(944)-(3343);NomvBa@privatemail.co.za;2
2804220399085;Tsholofelo ;Benjamin;94 BEYERS STREET KRUGERSDORP WEST;1739;(069)-(642)-(6052);(024)-(785)-(8235);(098)-(916)-(2699);TsholBenja@mailman.co.za;2
9811220178083;Hulisani ;Bethlehem;UNIT 3 ELDRID MANOR JAN BANTJIES STREET MONTANA;0182;(045)-(805)-(7907);(021)-(676)-(2572);(091)-(247)-(8904);;
5711110485087;Vusi ;Bethlehem;303 JANFE SUNNYSIDE;0002;(047)-(601)-(8014);(027)-(911)-(9283);(094)-(887)-(0945);VuBeth@mailweb.org;2
7412210788083;Botshelo;Bhagwan;884 POTTOS STREET WESTERNBURG POLOKWANE;0699;(083)-(158)-(1537);;(071)-(836)-(5216);;
8008280468086;Sylvester ;Bhana;11 FROST AVENUE AUCKLAND PARK;2092;(023)-(581)-(6674);(057)-(923)-(3664);(026)-(755)-(5182);SyB@mememail.org.za';2
6810160795088;Precious ;Bodenstein;13 JOHN BAILIE ROAD BUNKERS HILL;5241;(067)-(526)-(9343);(051)-(139)-(3804);(067)-(650)-(6172);PB@themail.com;3
1908150375082;Cliff;Bomela;UNIT 1 MAJESTIC TOWERS 40 EMPIRE ROAD PARKTOWN;2193;;(029)-(565)-(6703);(046)-(976)-(2408);CliBomela@themail.com;2
4504280921086;Rodger ;Bomela;19131 SECTION M pretoria MAMELODI WEST;0122;(051)-(596)-(1096);(037)-(128)-(7714);(068)-(632)-(8048);RBo@mailweb.org;
4204250189082;Byron ;Booysen;88 STOCKTON ROAD BEREA;5241;(072)-(367)-(8364);;(084)-(179)-(0812);Booy@mailweb.org;2
4004220578084;Matthew ;Booysen;10 MIDSOMER CRESCENT SOMERSET PARK;4319;(039)-(370)-(8432);(033)-(143)-(3745);(037)-(166)-(5231);MatthBo@mailweb.org;1
950310057086;Njabulo ;Bouwer;56541 MTSISELWA STREET KWAZAKHELE;6205;(021)-(629)-(1008);(010)-(844)-(7197);(078)-(213)-(5281);;1
5001070584088;Linda;Brook;1388 FLOWERS STR CAPITAL PARK;0084;(025)-(119)-(3729);(035)-(668)-(7713);(019)-(913)-(8638);LindaBrook@mailman.co.za;2
2711130236088;Sango;Brown;38801 PIKES PEAK PLACE LENASIA SOUTH EXT 4;1829;(054)-(537)-(0684);(071)-(819)-(0681);(020)-(836)-(2141);;2
7212170290085;Daniel ;Buissinne;40 EDGECLIFF DRIVE KLOOF;3610;;(063)-(565)-(0385);(042)-(860)-(9046);DaniB@myweb.co.za;5
82032206087;Wouter;Burger;11883 SECTION D MAMELODI WEST;0122;(085)-(927)-(1284);(087)-(284)-(9774);(062)-(400)-(2276);WoBurge@myweb.co.za;2
8511250864088;Mxoleleni ;Burrows;P O BOX 13081 NELSPRUIT;1200;(074)-(541)-(5335);(097)-(244)-(9876);(077)-(684)-(3321);;2
5507140417085;Derrick ;Busuku;31988 NEFEFE STREET TSHIAWELO;1818;(073)-(465)-(1581);(077)-(162)-(6894);(015)-(843)-(2058);DeBus@mailman.co.za;
6705220156081;Mahlatse ;Busuku;P O BOX 84988 HALFWAY HOUSE;1685;(018)-(860)-(1358);(035)-(359)-(9266);(099)-(125)-(2515);MahBu@yeboyes.co.za;2
6308240548084;Mduduzi ;Buys;01 PLEIN ST 1101 ANCHOR TOWER JOHANNESBURG;2001;(067)-(592)-(4440);(098)-(839)-(0382);(097)-(837)-(1515);MdB@yeboyes.co.za;1
1608130591087;Mahlatse ;Campbell;188 CARDEA MEWS ILALA RIDGE ESTATE LA LUCIA RIDGE;4051;(064)-(270)-(7408);(095)-(462)-(3055);(032)-(766)-(9796);;
6404210377085;Nkhetheni ;Cele;11 NAMIB MARITZ CLOSE HONEYDEW RIDGE;2170;(070)-(126)-(5023);(018)-(287)-(2369);(013)-(266)-(4876);;1
1308190287088;Josaya ;Chabvonga;P O BOX 101048 MORELETA PLAZA;0167;(079)-(644)-(8637);(082)-(574)-(5772);(083)-(303)-(0923);JosayChabvo@mememail.org.za';1
9706130545082;Josaya ;Chauke;1 MELROSE PLACE DURBAN NORTH;4051;(024)-(396)-(9177);(015)-(456)-(6491);(048)-(560)-(9024);Cha@themail.com;1
8907280730087;Moeketsi ;Chauke;P O BOX 13388 HONEY DEW;2040;(039)-(823)-(4035);(043)-(924)-(9730);(027)-(345)-(4048);MoekeCha@mailweb.org;2
1512140600088;Tlou;Chibase;8888 ESCOMBE ROAD RIETVALLEI PARK;0157;(046)-(763)-(2689);(089)-(690)-(5609);(029)-(745)-(5153);;2
3810250735087;Berry ;Chilinda;P O BOX 1880 LWAMONDO;0985;(055)-(447)-(9618);;(047)-(517)-(6398);BerrChil@myweb.co.za;2
2804070757085;Edwin;Chilinda;1880 MABEL STREET ROSETTENVILLE;2190;(040)-(139)-(2394);(082)-(568)-(0086);;;1
5210250933083;Mmadineo ;Cobokana;188 KRUIS STREET 1 GEORGIAN PALMS BRACKENFELL SOUTH;7560;(088)-(459)-(8346);(082)-(143)-(0243);(010)-(926)-(7003);MmCob@mailman.co.za;2
3508030550085;Sean;Cobokana;P O BOX 166588 SEKHUKHUNE;1124;(028)-(582)-(4201);(063)-(273)-(8384);(062)-(194)-(0939);;2
8210240595083;Adrienne;Dambuza;UNIT 4 14 FOURTH STREET ALBERTON NORTH;1449;(066)-(408)-(9003);;(089)-(724)-(4226);AdDambuz@privatemail.co.za;2
491010022086;Kivan;Dambuza;3088 AUGUSTA FFLAT 8831 LIEVAART STREET PRETORIA WEST;0183;(066)-(940)-(2054);(015)-(865)-(4063);(020)-(605)-(0603);Damb@mailweb.org;2
4005040289082;Thomas ;De Wet;88 ST DAVIDS ROAD MALVERN EAST EXT 3;2007;(012)-(981)-(2486);(063)-(494)-(7221);(019)-(182)-(8998);;2
8012160653084;Lucas;De Witt;IBIS STR 488 DURBANVILLE;7550;(098)-(560)-(9590);(062)-(911)-(0638);(043)-(869)-(2838);LucasD@mememail.org.za';2
2111130577081;Seturumane ;Dharamraj;P O BOX 1044 BRITS;0250;(068)-(229)-(8911);(077)-(369)-(0677);(059)-(887)-(6249);SetuDhar@yeboyes.co.za;2
5505120413085;Bernard;Dinna;56503 SECTION R MAMELODI WEST;0122;(023)-(722)-(4756);;(019)-(687)-(6773);BDi@yeboyes.co.za;
1604070370087;Abiot ;Dlamini;33 MOUNTBATTEN DRIVE RESERVOIR HILLS;4091;(045)-(468)-(3722);;(076)-(873)-(0413);Dlami@yeboyes.co.za;2
511127046082;Edwin;Dlamini;P O BOX 8840 PRETORIA;0001;(081)-(575)-(2418);(041)-(381)-(4846);;EdDlam@mememail.org.za';2
2102130913085;Heinrich;Dlamini;C303 NIGHTINGALE CLOSE NIGHTINGALE WAY PINELANDS;7405;(044)-(698)-(4141);(083)-(433)-(8338);(060)-(857)-(4045);HeinDla@privatemail.co.za;2
7609110201086;Magda;Dlamini;10 SHABUNGU STREET MAMELODI WEST;0122;(015)-(698)-(1506);(038)-(807)-(8639);(050)-(502)-(2257);;2
2605150205088;Busisiwe;Du Plessis;08 ESSELIN STREET BOKSBURG;1459;(066)-(762)-(2975);;(058)-(901)-(5043);BusD@yeboyes.co.za;1
3801170828084;Jonathan ;Du Plessis;918 RENAISSANCE 33 MAUD MFUSI STREET DURBAN;4001;(045)-(790)-(3472);(033)-(555)-(9087);(032)-(317)-(1111);JonDu Pl@themail.com;
4307190367081;Penelope;Dube;988 ANN STREET CLAYVILLE EAST;1666;(039)-(391)-(8991);(059)-(376)-(0655);(095)-(817)-(2290);PeneDu@myweb.co.za;2
1805020907085;Leeto ;Duiker;11 WINCHESTER CRESCENT AMALINDA;5247;(078)-(737)-(1431);(096)-(254)-(4003);(016)-(174)-(7061);;2
6111040850088;Phaphama;Duminy;88 ORMSKIRK HALL 19 OXFORD ROAD WINDERMERE;4001;(094)-(643)-(8114);(060)-(183)-(7274);(059)-(753)-(9862);;2
3411260488085;Edwin ;Dzegere;P O BOX 18808 GIYANI;0826;(066)-(697)-(3800);(049)-(328)-(9463);;EdD@themail.com;2
3306170196085;Sinqobile;Dzegere;1883 HARINAGAR DRIVE SHALLCROSS;4093;(068)-(847)-(4612);(036)-(985)-(1832);(020)-(482)-(8106);SDzeger@themail.com;2
4605100562088;Ndivhuwo ;Easton;P O BOX 11330 HATFIELD;0028;(012)-(746)-(9790);(095)-(424)-(3548);(010)-(202)-(4187);NdivhEas@mailman.co.za;1
1204030632082;Sonica;Ebrahim;809 JEFF'S PLACE 1388 FRANCIS BAARD PRETORIA;0002;(026)-(471)-(1491);(047)-(465)-(4475);(073)-(113)-(6410);SonicEbr@mememail.org.za';2
9611150348082;Vuyokazi ;Eckstein;P O BOX 1391 IFAFI;0260;(014)-(696)-(2799);(032)-(757)-(6380);(053)-(145)-(7835);;2
2612230397082;Mbheki ;Ekanayake;318 FESTIVAL STREET HATFIELD;0083;(082)-(456)-(6558);(078)-(858)-(5438);(094)-(917)-(3773);;4
5002180199088;Tshepiso ;Ekanayake;P O BOX 830 SIYABUSWA;0472;(041)-(876)-(6597);(036)-(156)-(9914);(017)-(557)-(5732);;2
3305280817081;Mangope ;Engelbrecht;388 SLOANE THE CAMPUS OFFICE PARK LORDS BUILDING BRYANSTON;2191;(061)-(916)-(8185);(024)-(190)-(5802);(087)-(819)-(4351);MEngelb@mailweb.org;
6907130694085;Hendrik ;Enyanga;P O BOX 11988 CULLINAN;1000;(084)-(491)-(8832);(058)-(339)-(9257);(029)-(481)-(6737);;2
5703210321082;Patrick;Faleni;9 TRINITY GARDENS 1889 EFFINGHAM ROAD EFFINGHAM HEIGHTS;4051;(028)-(137)-(1874);(054)-(350)-(2005);(090)-(705)-(8636);PFal@mememail.org.za';2
400422050085;Adriaan;Fourie;1134 13TH ROAD MIDRAND;1682;(090)-(749)-(3083);;(084)-(115)-(6587);AFourie@themail.com;2
5212190473083;Celeste ;Fourie;P O BOX 130 NOORDWYK;1687;;(080)-(520)-(4205);(065)-(409)-(8949);CeFou@mememail.org.za';
9911090794084;Lerato ;Gaanakgomo;CNR ST ANDREW & PRES BRAND SINODALE BUILDING BLOEMFONTEIN;9301;(052)-(475)-(7713);(029)-(447)-(7819);(058)-(710)-(9574);;
1012070281082;Phakamani ;Gamede;13 DE BEER STREET 4TH FLOOR NORTH FIELD BUILDING BRAAMFONTEIN;2001;(082)-(238)-(3065);(062)-(187)-(6668);(080)-(192)-(4779);;2
2902030264083;Trevor ;Ganga-Scott;1401 BLOCK U MABOPANE;0190;(026)-(738)-(3010);(066)-(653)-(3994);(028)-(372)-(8183);TreGan@mememail.org.za';2
3605090332085;Portia ;Geitner;19 SHEFFIELD BERGRIVER DRIVE KEMPTON PARK;1619;(085)-(337)-(5545);(073)-(276)-(7178);(020)-(353)-(0835);PoGe@mailweb.org;
3004230801084;Shaun ;Geitner;TALI'S PLACE UNIT 16653 CNR GOUD & ALBERTINA SISULU JOHANNESBURG;2001;(016)-(274)-(7068);(078)-(840)-(6582);(050)-(869)-(3499);;2
7705180627087;Alex ;Genge;P O BOX 11 OFCOLACO;0854;(099)-(979)-(8403);;(079)-(295)-(7384);Alex G@privatemail.co.za;2
7202270202087;Katlego;Gondo;IVORY PARK 11431 MIDRAND;1682;(041)-(167)-(5489);(058)-(277)-(7598);(045)-(487)-(2696);KatG@yeboyes.co.za;2
8103140774084;Wendy ;Govender;884888 KONOFELE STREET PHASE 1 BRAAMFISCHER;1875;(099)-(842)-(7664);(021)-(427)-(1477);(059)-(648)-(7824);;2
8301170304085;Adrienne;Grobler;13U BOY LOUW STREET DANVILLE EXT 3;0183;(088)-(787)-(8494);;(081)-(967)-(3959);AGrobl@mailman.co.za;2
9608280617083;Mamahooe ;Gumbi;P O BOX 818188 SOUTHDALE;2135;(026)-(231)-(1537);(045)-(484)-(8031);(095)-(373)-(1093);MamaG@mailman.co.za;2
5001110128088;Rene;Gumbi;31388 LUTESIUM STREET CLAYVILLE EXT188 OLIFANTSFONTEIN;1666;(053)-(271)-(5660);(051)-(228)-(7636);(036)-(516)-(6153);Gu@themail.com;2
1902060828085;Xolile;Gungudoo;EY, 101 RIVONIA ROAD SANDTON;2196;(069)-(374)-(2180);(069)-(683)-(4871);(031)-(526)-(1444);;2
6909200583086;Itumeleng ;Harri;18889 JOHNMASEFIELD MONDEOR;2091;(090)-(318)-(7347);(077)-(269)-(1138);(050)-(764)-(0637);;2
7609090369085;Warren ;Harri;P O BOX 188811 YEOVILLE;2143;(088)-(143)-(8865);(030)-(926)-(9697);(055)-(520)-(4285);WarrHarri@themail.com;2
1804030915086;Saegan;Hicks;P O BOX 1131 THULAMAHASHE;1365;(045)-(818)-(7526);(087)-(674)-(6107);(092)-(670)-(4100);SaH@themail.com;2
9103060340082;Mpho ;Hleza;488 WILLOW RIDGE PARRADE RING ROAD ROYAL ASCOT;7441;(046)-(303)-(4847);(026)-(340)-(8970);(083)-(339)-(7282);Mpho Hlez@privatemail.co.za;
7808140304084;Mothupi ;Hlongwane;100884 TRIGONELLA STREET THE ORCHARD EXT 89 PRETORIA NORTH;0182;(096)-(469)-(2849);(034)-(351)-(2068);(016)-(626)-(6881);MoHl@privatemail.co.za;1
730823030086;Ngwagu ;Horwell;P O BOX 188565 HALFWAY HOUSE;1685;(013)-(149)-(9853);(085)-(637)-(0929);(080)-(598)-(9701);NgHo@themail.com;4
9110230494081;Nonjabulo;Horwell;188388 LEGODI STREET VOSLOORUS;1475;(068)-(334)-(6801);(031)-(273)-(2013);(081)-(360)-(2706);NHor@mailman.co.za;2
6802050633083;Precious ;Hucklesby;8 SHORT PLACE 3 PETSHELL PINETOWN;3610;(037)-(411)-(4583);(077)-(878)-(7586);(045)-(384)-(3085);PrecHuck@yeboyes.co.za;2
4702060556086;Tshilidzi;Iliev;P O BOX 1088 GROENKLOOF;0027;(062)-(427)-(3660);(059)-(980)-(5988);(052)-(325)-(1206);;1
2809270394087;Simphiwe ;Jacobs;131 WALKER STREET 4088 DRIEANKERHOF MUCKLENEUK;0002;(056)-(696)-(9341);(046)-(824)-(4917);(063)-(901)-(4440);SiJacob@myweb.co.za;1
9611120247088;Bernhardt ;Japudi;183- 8TH ROAD NOODWYK NOORDWYK EXT 1;1687;(082)-(871)-(2600);;(054)-(528)-(2516);BernJapud@privatemail.co.za;2
7004060440082;Gaotingwe;Jeffries;14 ELDORADO STREET BONAERO PARK EXTENSION 1 KEMPTON PARK;1619;(060)-(996)-(2263);(039)-(228)-(5123);(080)-(322)-(8180);Je@yeboyes.co.za;
3909170450081;Johanna ;Jojo;P O BOX 131188 NORKEM PARK;1631;(041)-(724)-(3675);(082)-(563)-(0961);(085)-(773)-(3202);Jojo@privatemail.co.za;4
5602060518087;Tshepo ;Julies;111 FRANGIPANI STREET AZAADVILLE GARDENS RANDFONTEIN;1759;(030)-(999)-(6368);(072)-(577)-(8957);(084)-(569)-(2643);TshJulies@yeboyes.co.za;2
2702250305088;Shaun ;Kafile;P O BOX 1480 HALFWAY HOUSE;1685;(028)-(487)-(6443);(099)-(760)-(0121);(031)-(971)-(9512);Kaf@privatemail.co.za;
681014062082;Louis ;Kearley;11 PENDORING ROAD KLIPPOORTJIE;1459;(067)-(873)-(1274);(037)-(752)-(2601);(030)-(239)-(6437);;3
1003250239088;Brian ;Kekana;1 DISCOVERY PLACE SANDTON CITY;2196;(047)-(773)-(5345);;(087)-(708)-(7445);BKekana@myweb.co.za;2
9710230788081;Avela;Ketelo;3309 BUFFERFISH STREET KAALFONTEIN;1632;(083)-(610)-(7973);;(051)-(405)-(0710);AvKete@mememail.org.za';
5405270193088;Moses;Ketelo;P O BOX 88565 MAKADIKWE;1062;(022)-(468)-(3821);(055)-(877)-(0279);(059)-(848)-(6973);;
1003280163086;Philani ;Khan;38809 ZIRCONIUM STREET CLAYVILLE EXT 33;1666;(015)-(763)-(0318);(093)-(327)-(2627);(034)-(252)-(7734);PhilaKh@mailweb.org;
1512170591085;Muteba ;Khobane;P O BOX 11103 DIE HOEWES;0163;(085)-(232)-(4944);(033)-(351)-(5265);(061)-(264)-(1633);Khoba@mememail.org.za';2
9412180136082;Daniel ;Kholophe;FLAT NUMBER 8 ALTONA COURT ROSMEAD AV KENILWORTH;7708;(032)-(577)-(2930);(079)-(365)-(1248);(037)-(517)-(8140);DK@themail.com;1
1307090536085;Matome ;Khomola;P O BOX 1310 PIETERMARITZBURG;3200;(033)-(373)-(9047);(016)-(694)-(1286);(047)-(840)-(6135);MaKhom@yeboyes.co.za;2
9403280679088;Daniel ;Khoza;9019 PHASE 4 SUN VALLEY;0190;(058)-(187)-(2165);(056)-(753)-(1230);(091)-(845)-(3880);;1
1906040694086;Ngwagu ;Khoza;11883 HONEYGUIDE STREET NKWE ESTETE ROSSLYN;0182;(096)-(936)-(6354);(070)-(718)-(2066);(089)-(146)-(9790);;2
650402056081;Ruduwhan ;Khuluse;149 MATLHONYANE VILLAGE MAHIKENG;2745;(091)-(620)-(1011);(013)-(327)-(1182);(071)-(816)-(8080);RudKhu@yeboyes.co.za;1
7701030854083;Hisham;Khumalo;88 GLEN BRIDGE TUGELA STREET GLEN MARAIS EXT 11 KEMPTON PARK;1619;(034)-(903)-(8843);(053)-(429)-(7016);(053)-(607)-(2503);HishKhumal@myweb.co.za;
9109270875081;Mavis;Khumalo;88 BREDA PARK 188 BREDA STREET ORANJEZICHT;8001;(040)-(156)-(9201);(077)-(873)-(7623);(054)-(881)-(0606);;1
670305077081;Shephard ;Kitinya;P O BOX 14883 RUIMSIG;1732;(019)-(143)-(0520);(056)-(896)-(8974);(099)-(400)-(1295);;2
1011060902084;Balungile ;Klassen;184 TOSS NGILIMA STREET TAMBOVILLE;1693;(045)-(596)-(0647);;(035)-(727)-(6040);BKla@mailman.co.za;1
2205140565082;Echelle ;Koeberg;A880889 MPANGELE DRIVE KWANDENGEZI;3607;(089)-(550)-(1302);(034)-(444)-(6256);;EcheK@yeboyes.co.za;2
6310200940086;Dalisu ;Koeries;P O BOX 1343 GARSFONTEIN;0042;;(069)-(425)-(6788);(096)-(395)-(2893);;2
9504060158084;Cecil ;Koopman;13 MKHONTO STREET ZWIDE;6201;(020)-(848)-(4437);(022)-(512)-(6633);(096)-(555)-(1765);CeK@myweb.co.za;2
6706090775083;Jaco;Koopman;UNIT 13 SUNSET VALE SWARTGOUD STREET WINCHESTER HILLS;2091;(040)-(564)-(4216);(024)-(938)-(5046);(079)-(378)-(1537);JacKoo@mailman.co.za;2
8209260885087;Senyelo ;Koopman;3 OVAL PLACE DAWNCLIFFE;3629;(080)-(949)-(5827);(078)-(208)-(7323);(057)-(235)-(6325);SenyKoop@mailweb.org;2
6603100144082;Otsile;Kubheka;13TH ROAD SAN RIDGE HEIGHTS, BLOCK 11 UNIT 133 NOORDWYK;1687;(058)-(930)-(8608);(054)-(212)-(1633);(046)-(245)-(6766);;2
660620054086;Cliff;Kunene;13134 MAMELODI EAST RAKGWALE STREET RETHABILE;0122;;(039)-(970)-(7777);(036)-(753)-(3557);CKune@themail.com;2
8508060640084;Neliswa;Kunene;88 KGAMA STREET ATTERIDGEVILLE;0008;(092)-(381)-(4333);(020)-(940)-(0947);(016)-(197)-(5363);NelKunen@mailweb.org;
2207010632083;Nyakallo;Kupke;4339 ISIMUKU AND SILBARK STREET BIRCH ACRES EXT 188;1618;(069)-(890)-(2589);(014)-(793)-(1379);(076)-(660)-(5008);NKupk@privatemail.co.za;2
9509040129082;Nomfundo ;Labuschagne;88TH FLOOR APEX BUILDING ENERGY LANE CENTURY CITY;7441;(090)-(760)-(8625);(013)-(539)-(6148);(055)-(539)-(1341);NL@themail.com;
8101060996085;Nkosinathi ;Laka;4888 JACANA BAY ESTATE JAN SMUTS ROAD MEERHOF EXT1 HARTBEESPOORT BIRDWOOD;0261;(052)-(272)-(5690);(092)-(514)-(9829);(096)-(505)-(4294);NkosLaka@themail.com;
6602070398082;Thandokazi;Lauder;484 PELE STREET BLOCK XX SOSHANGUVE SOUTH BLOCK XX;0152;(012)-(117)-(7148);(069)-(353)-(6003);(023)-(227)-(6111);ThanLaud@mailman.co.za;
6609200993085;Victor ;Le Clus;181 HLALAKAHLE STREET MORETELE VIEW;0122;(020)-(648)-(1963);(063)-(880)-(9800);(015)-(271)-(1015);VictLe @mememail.org.za';2
4302130387083;Eunice ;Le Masson;19 MICHAEL STREET LINMEYER;2190;(033)-(677)-(7961);(022)-(428)-(5476);;EuLe M@yeboyes.co.za;2
9109150355087;Kgabo ;Le Masson;SPUYSTREET GARDENS 403 883 VLOK STREET SUNNYSIDE;0002;(041)-(515)-(2513);(029)-(565)-(8731);(019)-(579)-(1839);KgaLe@mailweb.org;
4708110702087;Gert ;Lea;831 VILLIA ITALIA 988 RATANGA ROAD CENTURY CITY , CAPE TOWN CENTURY CITY;7441;(022)-(440)-(6104);(033)-(699)-(7599);(031)-(628)-(8419);;2
3809260231088;Morwamakgomo ;Lechelele;49 LEADWOOD NATURE ESTATES MEYERSDAL;1448;(036)-(566)-(4119);(072)-(640)-(9737);(090)-(747)-(1877);;
5512080417086;Shelden;Ledwaba;8888 SAUER STREET JRA BUILDING JOHANNESBURG;2001;(043)-(898)-(4456);(064)-(390)-(9351);(051)-(724)-(8675);ShelL@privatemail.co.za;2
1311040718081;Gomotsegang ;Lee;33 AQUARIUS CRESC SUNDOWNER;2188;(049)-(532)-(6344);(080)-(607)-(9009);(039)-(178)-(9996);;
3502010805081;Nasreen;Lee;P O BOX 880 LENASIA;1821;(099)-(597)-(8618);(066)-(496)-(1886);(054)-(499)-(3418);NasrL@mailweb.org;2
1704180177085;Leeto ;Legane;P O BOX 13988 SIBASA;0970;(079)-(991)-(3083);(090)-(316)-(1396);(095)-(722)-(9998);LeL@mailweb.org;2
6705050635085;Dalisu ;Lehloka;11 GRASVOEL LEFDE EN VREDE MULBARTON;2190;;(072)-(349)-(6273);(097)-(555)-(1952);;2
5009140926088;Olga;Lehola;38803 EXT1 LEHAE;1829;(092)-(748)-(6426);(048)-(258)-(9701);(086)-(992)-(2147);Lehola@themail.com;2
8807180866088;Mabokale ;Lephalala;1488888 EXTENTION 88 SOSHANGUVE;0152;(032)-(122)-(6306);(039)-(763)-(5593);(094)-(341)-(3768);MabokLep@themail.com;2
151021036088;Shaun ;Lesch;11814 TIMA STREET MAMELODI EAST;0122;(028)-(699)-(2379);(071)-(870)-(0610);(033)-(657)-(6105);Les@themail.com;1
8209140103086;Jan ;Lesolisa;P O BOX 88880888 HIGHVELD PARK;0067;(046)-(368)-(6698);(065)-(497)-(3627);(034)-(681)-(8982);JanL@privatemail.co.za;2
9202050898085;Quentin;Lesolisa;3565888 THOBELA CRESCENT MAMELODI EAST;0122;(046)-(760)-(0774);(026)-(862)-(6096);(058)-(898)-(7227);;2
1401030341085;Adriaan;Letsie;P O BOX 181 SIMON'S TOWN;7995;(055)-(593)-(5113);;(028)-(508)-(1461);AdrL@yeboyes.co.za;
1302080439088;Mzukisi;Letsie;188 LEMON ROAD PRIMROSE;1401;(038)-(597)-(2077);(057)-(306)-(9319);(086)-(858)-(7936);;
8907090202087;Andre ;Letsoele;133 STEVE BIKO ROAD SUNNYSIDE;0002;(028)-(531)-(2410);;(042)-(352)-(6588);;
8005030611082;Mduduzi;Linde;NO 3 THE NEST COMPLEX 88809 NEST ROAD WINTERNEST PRETORIA NORTH;0182;(071)-(253)-(3699);(046)-(362)-(4922);(017)-(540)-(5211);MduduLi@yeboyes.co.za;
7801120638083;Kishan;Loliwe;P O BOX 1031 NORTHWOLD;2155;(021)-(888)-(3611);(072)-(785)-(0060);(091)-(512)-(2395);KLoliw@mailman.co.za;2
6507120107086;Tshepang ;Lourens;1191 KRANSBERG STREET KIRKNEY EXT 44;0183;(089)-(675)-(2717);(060)-(182)-(6479);(046)-(614)-(8110);TLour@mailweb.org;4
2909270467081;Desmond;Louvouezo Banzouzi;3880 SEKHI STREET TSHIAWELO EXT 3;1818;(063)-(659)-(5343);(072)-(927)-(3033);(010)-(405)-(4523);DLou@yeboyes.co.za;2
8306110412083;Saegan;Louw;1001 OKAPI STREET PENNYVILLE;1804;(014)-(268)-(6402);(076)-(359)-(4675);(012)-(489)-(5787);SaegLouw@mailman.co.za;2
9606270939081;Ntombekaya;Lubbe;1665388 EXT 8 SOSHANGUVE;0152;(047)-(140)-(2743);(019)-(588)-(3416);(011)-(325)-(5291);;2
4905080506087;Wilna;Lukasu;419 JEFF'S PLACE 133 FRANCIS BAARD STREET CENTRAL;0002;(056)-(945)-(7708);(088)-(583)-(9678);(075)-(931)-(0307);;2
8105100593086;Sean;Lutrin;113 VAN DER STEL STREET KABEGA PARK;6025;(036)-(820)-(5625);(077)-(498)-(0110);(078)-(602)-(0683);;2
9701100285087;Moses;Maarman;188388 INQE STREET PROTEA NORTH;1818;(010)-(809)-(4317);(065)-(470)-(4175);(021)-(931)-(1663);MoseMaa@mememail.org.za';2
2008190919082;Shaun ;Maarman;P O BOX 18848 GIYANI;0826;(013)-(667)-(4505);(034)-(674)-(9222);(029)-(678)-(7921);SMaarma@mailweb.org;2
2210130900088;Dion;Mabanga;4883/140 SOPHIATOWN DIFATENG;1632;(056)-(682)-(7433);(094)-(748)-(1506);;DioM@myweb.co.za;2
7203030169082;Yaseen;Mabena;BROADWAY HEIGHTS (FLAT 3) 48 OPPERMAN STREET KLIPFONTEIN;1034;(064)-(905)-(6712);(038)-(490)-(0865);(048)-(378)-(6073);YaseMa@mailweb.org;2
5505090581082;Moyahabo ;Maboko;NO 19A HUDSON AVENUE VINCENT;5247;(027)-(341)-(6603);(063)-(370)-(1534);(031)-(333)-(7862);MoMabok@myweb.co.za;2
9901030534081;Thabelo ;Mabota;403883 BEDMAN MGWALELA AVENUE MAMELODI EAST EXT 18;0122;(097)-(574)-(6587);(099)-(549)-(5714);(024)-(765)-(4674);ThabMabo@mailman.co.za;2
5002080660085;Tlou ;Mabotja;1 DARTMOOR CL TABLE VIEW;7441;(047)-(389)-(5659);(082)-(606)-(7726);(013)-(473)-(6015);TloM@mememail.org.za';2
9307040620082;Reinhard;Mabowa;1031/1 BLOCK GG SOSHANGUVE;0152;(038)-(340)-(0978);(013)-(283)-(8123);(024)-(589)-(5525);;2
5008230824086;Daisy ;Machabaphala;P O BOX 114 HERMANUS;7200;;(044)-(955)-(0975);(098)-(641)-(6338);DaisyM@mailweb.org;4
2704170868088;Shelley-Anne ;Madia;190 SCHEIDING STREET 110 STATION PLACE FLAT PRETORIA CBD CENTRAL;0002;(074)-(148)-(7156);(087)-(414)-(0779);(012)-(919)-(2724);SMad@myweb.co.za;2
770124076088;Simphiwe ;Madia;THE COSMO ESTATE, LEO 33 HONEY BUZZARD STREET CENTURION;0157;(063)-(218)-(0988);(044)-(609)-(6761);(031)-(738)-(9346);SMa@mailweb.org;
8409280542088;Leesha;Madisha;10 MOUNTAIN VIEW TERRACES PARKLANDS;7441;(099)-(817)-(9127);(051)-(980)-(3553);(058)-(120)-(3164);Ma@privatemail.co.za;2
6607010903082;Olaleye ;Madula;9880 KILIMANJARO STREET KLIPFONTEIN VIEW;1685;(058)-(939)-(1408);(049)-(191)-(2837);(036)-(222)-(6594);OlaleMadula@mailman.co.za;
2802270531083;Nonjabulo;Mafogo;P O BOX 8856581 ELDOGLEN;0171;(068)-(535)-(6596);(088)-(942)-(5179);(062)-(571)-(6982);NonM@privatemail.co.za;2
9810260112082;Terrence ;Mafogo;333 EAST LAKE FLATS FLORIDA;1709;(089)-(251)-(8210);(029)-(446)-(6180);(023)-(154)-(7680);TerreMafogo@privatemail.co.za;
2109050549084;Matete;Magodielo;1391 BLUE CURRENT STREET KIRKNEY;0182;(018)-(226)-(0355);(088)-(176)-(6830);(095)-(111)-(3227);Magod@mailman.co.za;2
580512061088;Bernhardt ;Magutshwa;P O BOX 813 MASHASHANE;0743;(078)-(471)-(8574);;(056)-(458)-(1618);BernhMa@yeboyes.co.za;2
4102140915085;Mmabogadi ;Magutshwa;313 THAKADU STREET MALULA PARK EXT 3 VOSLOORUS;1475;(051)-(978)-(7394);(081)-(971)-(2079);(032)-(249)-(3833);MmaMag@mailman.co.za;
8004280354084;Matome ;Maharaj;11 CATALENTI DRIVE RANDBURG;2194;(028)-(471)-(3000);(031)-(344)-(0928);(029)-(396)-(1013);Maha@myweb.co.za;2
6507050556081;Kgabo ;Mahlagaume;13 PINEWOOD CRESCENT LANGEBERG RIDGE;7550;(026)-(311)-(3299);(013)-(497)-(3392);(015)-(560)-(3235);Mahl@mailweb.org;4
4207260415085;Matthew ;Mahlangu;P O BOX 111 BRACKENFELL;7561;(017)-(200)-(1709);(024)-(101)-(8093);(083)-(973)-(9729);MatMa@yeboyes.co.za;
6204260308088;Nomvula ;Mahlangu;P O BOX 11484 HATFIELD;0028;(021)-(917)-(1095);(044)-(198)-(0320);(062)-(115)-(8096);NomMahla@mememail.org.za';1
7312050486084;Matthew ;Makaleng;41 SOUTHERN KLIPRIVIERSBERG THE HILL;2197;(079)-(285)-(3410);(095)-(557)-(1594);(085)-(939)-(2450);;
9405050739085;Hendrik ;Makama;1088 KINGS CLOSE 8 KINGSBURY PARK ROAD RONDEBOSCH;7700;(093)-(571)-(7843);(031)-(205)-(5814);(046)-(268)-(9024);Maka@yeboyes.co.za;1
47120603088;Itumeleng ;Makapela;3 PENGUIN AVE LENASIA;1827;(048)-(608)-(3750);(022)-(873)-(7626);(099)-(417)-(7121);ItumMakape@privatemail.co.za;2
1004050642083;Linda;Makapela;UNIT 133 ALLDRIN ROAD MONTANA;0182;(095)-(226)-(0905);(010)-(354)-(9589);(051)-(680)-(6529);Ma@mailweb.org;2
6209040562083;Neil;Makgatho;88 WALE STREET CAPE TOWN;8001;(025)-(747)-(4580);(026)-(665)-(0004);(089)-(390)-(2427);NMakgat@mememail.org.za';2
851123068082;Mongezi;Makhale;401 KING RANSOM BUILDING JOHANNESBURG;2001;(073)-(645)-(3807);(089)-(557)-(0499);(014)-(920)-(3508);;2
2811240555087;Rene;Makhonza;P O BOX 88031 MMABATHO;2735;(018)-(691)-(6329);(093)-(745)-(6785);(098)-(359)-(9033);RMak@themail.com;2
1603220911086;Ricardo ;Makhonza;33 GENERAL KEMP DRIVE SHARON PARK;1496;(054)-(938)-(6348);(083)-(555)-(9756);(087)-(326)-(7227);;2
6605260331087;Culnescia;Makhubela;13 ZEBRA STREET FAUNA PARK POLOKWANE;0699;;(085)-(104)-(8112);(027)-(200)-(3441);CulneMakhu@themail.com;2
6412050862088;Mmasale ;Makhubu;39 MARACANA COMPLEX SHARON STREET STRUBENS VALLEY;1724;(034)-(322)-(1264);(067)-(529)-(4115);(084)-(881)-(2689);;
1803090222085;Tshepo ;Makhuvele;P O BOX 14431 LYTTELTON;0140;(042)-(858)-(6305);(068)-(611)-(4953);(081)-(622)-(7192);;2
8906230122083;Tiishetjo;Makuwa;B114 PHAPHAMA AVENUE NEWTOWN SECTION B;4309;(020)-(428)-(1672);(090)-(253)-(4879);(053)-(535)-(9161);TiisMa@yeboyes.co.za;1
7912110951087;Abdul ;Makuyi;9 ALEXANDRIA ROAD BRENTWOOD PARK EXT 1;1501;(093)-(136)-(6705);;(015)-(592)-(9152);AbMakuy@yeboyes.co.za;1
4710160845084;Daisy ;Makwana;103A CEDERBERG 113 HAMILTON STREET PRETORIA;0002;;(068)-(127)-(4419);(043)-(201)-(7828);DaMakwa@themail.com;2
6803010610087;Ricardo ;Malapela;88388 SILVERSTONE ESTATE 3 BELIZE CLOSE NIKKEL STREET MONAVONI EXT 88;0157;(024)-(982)-(3230);(062)-(798)-(1674);(055)-(831)-(7727);RMalape@yeboyes.co.za;
8406270311082;Lunghile ;Malatji;4083 MMOTLA;0407;(022)-(953)-(2921);(086)-(953)-(7201);(068)-(507)-(8208);LunMalatj@privatemail.co.za;2
510915039082;Chrisna;Malemone;UNIT 4 MARMONT PLACE 880 DAISY STREET ROSETTENVILLE;2190;;(093)-(902)-(8011);(028)-(196)-(7457);M@mailweb.org;
6111260929085;Nomalizo ;Malemone;31 ALGIEBA, EASTERN LANE LUBBE ROUGE STREET WILGEHEUWEL EXT 88;1724;(082)-(283)-(4778);(040)-(228)-(7280);(040)-(924)-(6759);NoMal@themail.com;2
9902110250084;Nkhetheni ;Maluleke;8800 BUSHWILLOW ALVEDA EX1 KIBLER PARK;2091;(058)-(917)-(9313);(089)-(913)-(4939);(034)-(415)-(6398);NkheMalule@yeboyes.co.za;2
7609240686081;Morifi ;Malungani;88888 SEKETE AVE SPRUITVIEW;1431;(063)-(403)-(2181);(089)-(254)-(7064);(025)-(141)-(2772);MoMalung@privatemail.co.za;2
5206110625085;Mduduzi;Mangena;1 ANTONIE BOTES STREET, 8888 MONTANA TUINE, MONTANA GARDENS, MONTANA,0181 MONTANA;0182;(060)-(112)-(2791);(040)-(808)-(8039);(011)-(887)-(0096);MMang@yeboyes.co.za;2
9210110388086;Itumeleng ;Maphoto;P O BOX 8888 GROOTBRAKRIVIER;6525;(054)-(223)-(8867);(020)-(761)-(3234);(099)-(788)-(3703);IMaphot@yeboyes.co.za;2
1501200671081;Leon;Maphoto;338880 MOTLHWARE STREET MAMELODI EAST, EXT 88 MAMELODI;0122;(039)-(589)-(8313);(075)-(299)-(8952);(026)-(120)-(7054);LeonMaph@mailweb.org;
2009210740082;Mari;Maredi;56518 MAMAGWAILE STR UNIT 14 MMABATHO;2790;(045)-(103)-(4645);(099)-(891)-(3383);(097)-(777)-(6343);MarMaredi@myweb.co.za;2
4603230789086;Nkgopoleng ;Maritz;13 LAURELEA 113 BLUNDELL ROAD ESCOMBE;4093;(064)-(748)-(3955);(037)-(482)-(9390);(034)-(594)-(2225);Marit@privatemail.co.za;2
7306050161086;Kishan;Masala;1 PRELLER STREET PRETORIA;0002;(038)-(200)-(0327);(013)-(149)-(3803);(098)-(716)-(3189);KiM@mememail.org.za';2
7410130630081;Marc ;Maseng;418888 RED SETTER CRESENT LEOPARD'S REST ESTATES ALBERTSDAL EXT 30;1448;(074)-(268)-(8805);(036)-(772)-(8261);(042)-(857)-(2238);;2
6507070463082;Celeste ;Masilo;108888 ARCADIA STREET HATFIELD;0083;;(081)-(892)-(4571);(033)-(753)-(7002);Masi@myweb.co.za;2
7106160389084;Cedric ;Mason;8 SASKIA 1114 KARRIBOOM STREET MOREGLOED;0186;;(019)-(309)-(1474);(068)-(578)-(3882);M@mailman.co.za;2
4901240565082;Pedron ;Masuku;4430 SOMGEZI STREET CULLINAN;1000;(065)-(224)-(3950);(068)-(741)-(1747);(042)-(364)-(0294);PedrMas@mailman.co.za;
4910190324088;Mduduzi ;Masungwini;NATIONAL BANK HOUSE 1ND FLLOR 40 SIMMONDS STREET JOHANNESBURG;2001;(088)-(900)-(2930);(093)-(850)-(9212);(069)-(330)-(0239);MdudM@myweb.co.za;1
3406260688085;Sven ;Maswanganyi;P O BOX 113 PHALABORWA;1390;(067)-(862)-(2614);(074)-(806)-(0792);(068)-(519)-(7630);Maswan@themail.com;
2807090965085;Michiel ;Mathabatha;188 JONES STREET NELSPRUIT UIT;1201;(054)-(511)-(4156);(045)-(998)-(6940);(070)-(390)-(5312);M@privatemail.co.za;
2905080185087;Shivesh;Mathebula;883 SOLE CRESCENT ALEX MEWS PHASE 1 ALEXANDRA;2090;(071)-(945)-(7843);(091)-(810)-(1781);(019)-(517)-(7409);Mat@myweb.co.za;
7809130240082;Akho;Mathobela;31 JARIER ROAD RAISETHORPE;3201;(065)-(484)-(2893);;(053)-(887)-(5123);AkMatho@themail.com;
4601060401083;Francois;Mathobela;UNIT 888 FOREST HILL 1 BRUSHWOOD LANE NORTHWOLD;2188;(098)-(850)-(1057);(036)-(784)-(1914);;FrancMatho@themail.com;1
5109080251088;Jaco ;Matji;11 SPELTER TERRACE WEST PARK;0183;(040)-(363)-(7084);(081)-(729)-(9235);(055)-(897)-(2553);Jaco Matj@themail.com;4
5710230923081;Precious ;Matlakeng;P O BOX 19188 BROMHOF;2154;(036)-(676)-(5604);(068)-(325)-(0303);(044)-(804)-(4964);;
2202040449087;Sheldon ;Matlakeng;19 EILEEN COURT KIMBERLEY;8301;(095)-(929)-(6409);(052)-(951)-(8041);(016)-(918)-(8075);;2
2109180750085;Chaguwa ;Matlala;44B FISH EAGLE STREET AMBERFIELD HEIGHTS ROOIHUISKRAAL NORTH EXT 188;0157;;(042)-(281)-(4579);(086)-(775)-(9455);;
7002130927081;Christopher ;Matlhaba;8830 A SCHRADER ROAD MEADOWLANDS;1852;;(087)-(806)-(6143);(030)-(797)-(7683);;3
640428082086;Shane ;Matshazini;43 SIMONSIG CRESCENT KLEIN GROENENDAL DE BRON;7530;(011)-(405)-(4850);(029)-(114)-(2426);(087)-(364)-(9226);;2
5512160318087;Glen ;Mavimbela;40 QUATAR CRESCENT COSMO CITY EXT 10;2188;(016)-(646)-(7619);(091)-(537)-(1151);(019)-(884)-(2716);;2
7503060788083;Nasreen;Mbatha;188 ECHIUM STREET PARKLANDS NORTH;7441;(023)-(168)-(9987);(037)-(844)-(0506);(018)-(776)-(7405);NasrMbat@mailweb.org;2
3602250350086;Moyahabo ;Mbonani;09 WEAVERS NEST THE WILDS;0081;(084)-(780)-(3175);(030)-(900)-(6360);(026)-(724)-(4857);M@privatemail.co.za;2
8508170901082;Ntotole ;Mbung;830 TIPPERARY STREET FAERIE GLEN EXT 49;0081;(037)-(309)-(8439);(059)-(431)-(0292);(038)-(650)-(8375);NMbung@themail.com;2
9712150845081;Nomvula ;Mchunu;1044 RAPHEPHENG STREET ZAMDELA LOCATION SASOLBURG;1947;(024)-(240)-(7132);(090)-(943)-(7917);(063)-(230)-(3631);NomM@mememail.org.za';
6201140807084;Nicholas;Mdaka;43 NAPA VALLEY, 110 PUTTICK AVE SUNDOWNER;2188;(085)-(468)-(8449);(071)-(388)-(2254);(058)-(834)-(5145);;2
8610120779086;Promise ;Mdluli;18 ESSEX TERRACE WESTVILLE BLUE HEIGHTS;3629;(041)-(990)-(0895);(056)-(978)-(3356);(014)-(332)-(9294);PrMdlul@mememail.org.za';1
2511130529083;Tshilidzi;Metcalf;1 ZOTOS TOWERS 883 GLEN ROAD BRAMLEY PARK;2090;(091)-(822)-(4741);(030)-(891)-(2945);(040)-(576)-(1210);;1
6207220448088;Ramadimetja ;Metene;409 STAND, BLOCK L SOSHANGUVE;0152;(077)-(265)-(3122);(085)-(525)-(9252);(084)-(765)-(4873);;4
8612040918085;Tony ;Mgidi;313 KOTZE STREET 1088 DEMAKOT SUNNYSIDE;0002;(035)-(650)-(2366);(011)-(286)-(0669);(084)-(492)-(1875);ToMgid@mailweb.org;
2706070629087;Victor ;Mgidi;WREN AVENUE 889 PARKLANDS, CENTURION DIE HOEWES;0157;(054)-(385)-(7798);(018)-(224)-(2553);(097)-(121)-(5412);VictMgi@mememail.org.za';
4003100886084;George ;Mhatlhe;1 MOUNTAIN BREEZE ESTATE WATERFALL EAST;0299;(090)-(901)-(7137);(071)-(557)-(1855);(074)-(336)-(2832);GeorgMh@mememail.org.za';2
4804180882084;Emmanuel;Mhlarhi;13188 PHOMOLONG ZASTRON;9950;(033)-(953)-(6591);(035)-(121)-(2717);;EmmMh@mailweb.org;2
9910060946082;Christopher;Mitchel;401 SEHUDI STREET ROSSLYN EXT13 NKWE ESTATE;0182;;(013)-(862)-(7848);(027)-(728)-(0178);ChMitche@yeboyes.co.za;2
9502240191083;Surendran;Mkhatswa;44 BROCKCLAY PLACE PHOENIX;4068;(030)-(568)-(2595);(042)-(832)-(7961);(023)-(789)-(4089);SurMkha@mememail.org.za';2
9003280235085;Alex ;Mkhonto;10 AUGUST STREET UNIT 30 BUSH WILLOW MOOIKLOOF RIDGE;0081;(097)-(965)-(1602);;(029)-(270)-(8897);AlMkhont@mememail.org.za';2
9304280349087;Mmasaka ;Mkhonza;P O BOX 10310 VORNA VALLEY;1686;(061)-(236)-(9351);(091)-(988)-(7525);(044)-(268)-(8826);;1
490705046088;Ayanda;Mlawuli;18888 WATERBOK STREET NINAPARK;0182;(083)-(260)-(2972);;(091)-(257)-(9320);AyaMlawul@mailweb.org;
8006220732085;Wouter;Mlawuli;P O BOX 1888 UTHOKOZANE;1346;(091)-(108)-(3776);(055)-(673)-(8727);(036)-(239)-(2030);WoutMla@privatemail.co.za;
7009130331088;Selson;Moeketsi;P O BOX 11488 HOEDSPRUIT;1380;(060)-(899)-(6510);(092)-(509)-(0566);(060)-(202)-(2965);SeMoeke@yeboyes.co.za;2
3610150249083;Candice;Moetapele;883 HELEN JOSEPH STEET JOHANNESBURG;2001;(032)-(186)-(2704);;(081)-(125)-(0036);CaM@myweb.co.za;2
2805070756085;Benjamin;Mofokeng;BLOCK K199 PHOMOLONG SAULSVILLE;0125;(019)-(631)-(6781);;(040)-(324)-(8409);BenjaMofoke@privatemail.co.za;2
9503010970083;Dolly ;Mogano;5658888 MFUMO STREET OLIEVENHOUTBOSCH EXT 388;0187;(092)-(422)-(8994);(039)-(941)-(5580);;DollM@myweb.co.za;2
7610250179087;Thipe ;Mogotlane;110 KIRKNESS AVENUE 14 SUMMERSFIELD PIERRE VAN RYNEVELD;0157;(025)-(824)-(8997);(052)-(797)-(0138);(038)-(579)-(4751);;2
4508260675083;Chris;Mohaleamalla;48 PROGRESS ROAD LINDHAVEN;1724;;(045)-(328)-(2386);(056)-(578)-(7671);;2
9908260536088;Kaone ;Mohammed;ERNEST AND YOUNG 1 PENCARROW CRESCENT PENCARROW PARK , LA LUCIA DURBAN NORTH;4051;(092)-(559)-(8591);(057)-(591)-(8358);(014)-(633)-(0187);KMo@mememail.org.za';2
3001280724084;Nkani ;Mohlala;94 MATROOSBERG EQUESTRIA ESTATE EQUESTRIA ESTATES;0184;(011)-(142)-(0649);(014)-(519)-(7920);(079)-(241)-(0467);Mo@themail.com;2
2411070180081;Wilhelm;Mokansi;13 WEMBLEY ROAD WEMBLEY PARK KUILS RIVER;7580;(069)-(998)-(1771);(049)-(265)-(0519);(079)-(198)-(6828);Mokans@mailman.co.za;2
6509220788082;Jurgen;Mokgerepi;4 BLAIRVIEW 114 TENTH AVENUE MORNINGSIDE;4001;(044)-(912)-(3347);(064)-(723)-(9881);(034)-(907)-(1918);;
3708100193088;Piet;Mokgothu;P O BOX 148 KUILS RIVER;7579;(036)-(464)-(6498);(071)-(428)-(2374);(098)-(527)-(9321);PieMokgo@privatemail.co.za;2
7001190645085;Nilukshi ;Mokoena;188 PHILLIP STREET KILNER PARK;0186;(071)-(681)-(0489);(065)-(173)-(1453);(034)-(728)-(2849);NilukMok@mememail.org.za';3
9012110306084;Thapelo ;Mokoena;4998 SERETSE KHAMA STREET IVORY PARK EXT 1;1632;(055)-(900)-(9493);(053)-(715)-(3414);(043)-(775)-(4966);;2
4601060264085;Thato ;Mokoena;P O BOX 1813 SILVERTON;0127;(079)-(423)-(7645);(093)-(689)-(8711);(090)-(234)-(0285);ThatMo@privatemail.co.za;1
1705180376087;Kaveshan;Mokonyane;FLAT 8804 VOSSEBURG 113 VOS STREET SUNNYSIDE;0002;(082)-(717)-(3101);(090)-(545)-(8738);(016)-(820)-(2338);;2
6107030710088;Muhammad;Mokopi;UNIT 889 ENCORE 43 MOZART LANE SAGEWOOD EXT.19 SAGEWOOD;1685;(074)-(926)-(4805);(077)-(445)-(1993);(063)-(327)-(5389);;2
7808220226082;Norman ;Mokopi;31 MOHLAKWANA STREET ATTERIDGEVILLE;0008;(068)-(542)-(0106);(094)-(679)-(9848);(032)-(954)-(9116);;1
740501094086;Mondli ;Mokwebo;31 SHANNONS GREEEN SUMMERGREEN SUMMER GREENS;7441;(042)-(541)-(8345);(098)-(198)-(0264);(059)-(313)-(9812);MondMokw@myweb.co.za;2
2712250489081;Ruduwhan ;Mokwebo;UNIT33 ORMONDE VIEW CORWEN ROAD ORMONDE;2091;(042)-(254)-(6694);(063)-(139)-(3871);(034)-(319)-(9514);;2
2907080814082;Tumelo ;Molepo;888 PRION WAY PELIKAN PARK PARLIAMENTARY VILLAGE GRASSY PARK;7941;(042)-(531)-(1149);(089)-(758)-(1415);(085)-(723)-(6298);TumeMolep@privatemail.co.za;2
5404130544086;Oteng ;Moloisane;33 PEBBLE SANDS MOOIKLOOF RIDGE ESTATE MOOIKLOOF RIDGE;0081;(074)-(867)-(6318);(033)-(599)-(5134);(090)-(558)-(6014);;
1010190221088;Sinqobile;Moloisane;P O BOX 8848488 GROBLERSDAL;0470;(047)-(847)-(9730);(037)-(824)-(2370);(085)-(298)-(0219);SinqoMo@mememail.org.za';2
7309060944088;Paul ;Mongake;NO 4 PARR STREET DENEYSVILLE;1932;(043)-(375)-(4248);(062)-(974)-(8272);(035)-(824)-(6441);;1
9210160769082;Dinkonyane ;Monyela;31 HOY AVENUE BRAKPAN EXT 1;1541;(089)-(394)-(7495);(025)-(803)-(4678);;;2
6401240516085;Trevor ;Monyela;UNIT 883 UNIVILLE 1144 PIERNEEF STREET VILLIERIA;0186;(021)-(668)-(6033);(061)-(353)-(2907);(088)-(951)-(7245);Mony@privatemail.co.za;1
3601280328086;Mishack ;Morudu;39 LOOP STREET THE OVAL FLAT NO 103 BEREA PARK;0002;(033)-(466)-(2466);(079)-(767)-(3080);(084)-(753)-(4387);MishMorudu@yeboyes.co.za;1
630710012087;Francois;Mosehane;148 CHAUCER AVENUE 1 NEW HAVEN ROODEPOORT;1724;(036)-(100)-(8445);(014)-(544)-(2727);;FranM@themail.com;2
4110240825083;Devandren;Moshwela;43880 MOUNT LOGAN STREET EXTENSION 4 LENASIA SOUTH EXT 4;1829;(074)-(102)-(2922);(062)-(200)-(5618);(040)-(115)-(8510);;2
5706200140082;Masekhanyane;Mothupi;883 VON BRANDISSTREET KRUGERSDORP;1739;(074)-(680)-(1048);(060)-(224)-(0633);(063)-(398)-(8248);MaM@mailweb.org;5
3505100334081;Asanda;Motsinone;3149 LERATO STREET KANAN EXT 3 TEMBISA;1632;(083)-(342)-(6518);;(090)-(554)-(9607);AsaMotsi@yeboyes.co.za;2
4701240299087;Balungile ;Motsinone;P O BOX 819 ALLEN'S NEK;1737;(061)-(512)-(8780);;(080)-(114)-(3244);;
8501030560088;Calvin;Mpatane;1665 CHURCH STREET PIETERMARITZBURG;3201;(050)-(372)-(2630);;(075)-(940)-(0292);;1
1810160413088;Nelisiwe;Mpofu;889 BREE STREET NEWTOWN;2001;(010)-(118)-(9211);(059)-(273)-(5474);(068)-(442)-(8679);NeMpofu@mailman.co.za;2
3912200408082;Phaiphai ;Mputhi;9303 EXTENSION 1 SOSHANGUVE;0152;(056)-(742)-(2941);(073)-(943)-(8679);(077)-(202)-(9845);Mpu@mailman.co.za;2
771109035087;Otsile;Mshaisa;UNIT 33 BELLA VIE 31 LOVEMORE RD RAVENSWOOD;1459;(059)-(556)-(7736);(066)-(825)-(4805);(079)-(505)-(1278);OtsilMsh@themail.com;2
5801140101084;Tomek ;Mshaisa;304 CORDOBA 4889 PROES STREET ARCADIA;0083;(022)-(652)-(6557);(062)-(677)-(1817);(047)-(734)-(5542);;1
5910030388087;Reinhard;Msomi;P O BOX 1134 BENONI;1500;(095)-(380)-(6431);(049)-(136)-(8400);(079)-(978)-(1752);ReinMsomi@mailweb.org;2
6509050392085;Selson;Mthiyane;108 MARIA FEDEROVA STREET DANVILLE EXT 9;0183;(090)-(651)-(1547);(065)-(191)-(9374);(094)-(168)-(8326);SelsMthiya@mailweb.org;
1011160807087;Donavan ;Mthunywa;410 LEYDS STREET SUNNYSIDE;0002;(083)-(359)-(3854);(036)-(803)-(3184);;DMth@themail.com;2
3508130716085;Mark ;Mtshali;P O BOX 118809 VORNA VALLEY;1686;(095)-(485)-(8436);(020)-(648)-(1991);(062)-(375)-(3297);MMts@themail.com;2
4104200140083;Thomas;Mtyobile;BUILDING 3 SHOPRITE 1 WILLIAM DABBS ROAD BRACKENFELL;7560;(083)-(640)-(1066);(020)-(750)-(8998);(087)-(795)-(9269);ThMt@themail.com;1
2104030218083;Grace;Mudau;ICASA 330 WITCH HAZEL AVENUE CENTURION;0157;(045)-(324)-(0994);(034)-(251)-(6709);(013)-(463)-(7629);GraMuda@mailweb.org;2
5308230754082;Segrin ;Mudzinganyama;88884 BERGVESTING FLAT NO 8808 PRETORIOUS STREET ARCADIA;0083;(083)-(889)-(4509);(063)-(738)-(9833);(094)-(198)-(8791);;1
1205040963082;Adam;Mugadi;31 WOOD DRIVE TABLE VIEW;7441;(031)-(991)-(7619);;(042)-(864)-(4021);;
3205230915086;Ntombekaya;Mugadi;WEAVER TERRACE 13 GREENWOOD GARDENS SOUTHERNWOOD;5201;(068)-(737)-(3325);(054)-(764)-(9500);(054)-(518)-(4549);NtombMuga@myweb.co.za;2
1107230618084;Timothy ;Mugagadeli;888840 BLOMBAS CRESCENT KARENPARK;0182;(039)-(432)-(0974);(011)-(688)-(0786);(071)-(299)-(4911);TimoM@mailman.co.za;1
1007230144085;Mduduzi ;Mugeri;8 BOOM STR RUSTENBURG;0299;(090)-(634)-(2145);(068)-(892)-(4609);(026)-(167)-(2681);;
991212074083;Ayanda;Mukwevho;P O BOX 8888 DOBSONVILLE;1865;(017)-(948)-(0516);;(015)-(469)-(1082);AyanMukwev@yeboyes.co.za;2
1005260157083;Nepo ;Mukwevho;334 FOREST WALK FAERIE GLEN;0081;(077)-(606)-(2017);(056)-(107)-(5076);(082)-(971)-(3584);;1
2802230303081;Lance ;Mulaudzi;88565 BERG AVENUE FLORAUNA;0182;(049)-(466)-(3934);(050)-(479)-(7057);(090)-(721)-(8754);;
7003050348086;Nontshumayelo ;Muniappen;139 N U 14 MDANTSANE;5219;(044)-(580)-(2936);(084)-(285)-(2806);(023)-(156)-(5918);NonM@privatemail.co.za;2
3902120576083;Sameer;Murindagomo;8808888 9 WASABI STREET THE ORCHARDS;0182;(058)-(139)-(0040);(050)-(413)-(7292);(040)-(682)-(5987);SamMurin@mailweb.org;1
2906040747081;Johanna ;Muselli;11 DR JANE WATERSTON CRESC WESTVIEW;0183;(011)-(853)-(5976);(030)-(259)-(2683);(043)-(619)-(0387);;
2703080994088;Berry ;Mutamba;116653 MAMELODI EAST EXT 4;0122;(088)-(260)-(8598);;(079)-(817)-(9844);Mutam@mailman.co.za;2
1203280171086;Lionel ;Myeki;P O BOX 1411 THOHOYANDOU;0950;(042)-(863)-(2113);(012)-(914)-(8270);(029)-(358)-(0686);LiMyeki@privatemail.co.za;2
2809260609084;Mmasaka ;Myeza;1 STAATSARTILLERY ROAD BLD 30 ROOM 303 TSHWANE UNIVERSITY OF TECH PRETORIA WEST;0183;(057)-(441)-(7996);(079)-(590)-(7728);(051)-(628)-(9781);;
4512220543086;Frans ;Mynhardt;1314 DENNY KEKANE STREET KWAXUMA;1868;(081)-(523)-(3053);(067)-(698)-(6859);;;1
8506270616083;Piet;Mynhardt;111 GARSFONTEIN ROAD SUMMIT PLACE MENLYN;0181;(090)-(151)-(5877);(075)-(183)-(2735);(082)-(715)-(5796);PietMynh@privatemail.co.za;1
8502060290083;Amukelani ;Naick;FLAT 11, VILLA MIA BERNINI CRESCENT CENTURION;0157;(027)-(644)-(5375);;(051)-(695)-(2281);;2
8906120948084;Ivo ;Naidoo;4A METROPOLITAN HIGHVELD;0157;(084)-(418)-(7519);(050)-(141)-(2503);(052)-(805)-(9023);IvoNaido@mememail.org.za';4
3211280908087;Nonhlanhla ;Naidoo;UNIT 18 ALICE SPRINGS ROAD NO 1 ALLEN'S NEK;1709;(061)-(578)-(7955);(026)-(237)-(9676);(093)-(882)-(2847);NNaid@mememail.org.za';4
8703280117084;Petrus ;Naidoo;30 MICHAEL COLLINS DISCOVERY;1709;(043)-(229)-(9780);(057)-(762)-(5347);(035)-(325)-(5373);;
341216047088;Sandiso;Naidoo;401 LETLHABILE BLOCK G BRITS;0250;(038)-(261)-(4393);(010)-(689)-(1524);(033)-(458)-(6428);SandiNa@myweb.co.za;2
531127094084;Shaun ;Naidoo;11139 EXT 4 MAMELODI EAST RETHABILE;0122;(016)-(554)-(7714);(017)-(158)-(6412);(081)-(662)-(9948);;1
451201089085;Wisani ;Naidoo;HOUSE NO 111 LOSS MYCHERRY GA-KGAPANE DUIWELSKLOOF;0835;(025)-(686)-(9875);(017)-(701)-(5211);(036)-(720)-(4105);;2
2608180553088;Vuyokazi ;Nanub;11 ROOIPEER STREET BLOUBOSRAND;2188;(041)-(484)-(8269);(045)-(918)-(9059);(082)-(367)-(9809);VuNanub@privatemail.co.za;1
8501270465083;Nompilo ;Ndaba;9 HOODS CRESCENT KINROSS;2270;(047)-(479)-(6562);(091)-(619)-(0629);(051)-(914)-(1739);NNd@themail.com;
5705080129087;Pauline ;Ndala;133 - 11TH AVENUE HIGHLANDS NORTH;2192;(089)-(780)-(7126);(082)-(673)-(9621);(029)-(161)-(1743);PNdala@mememail.org.za';
1807070505082;Livhuwani ;Ndlovu;P O BOX 833 KIMBERLEY;8300;(040)-(626)-(9728);(015)-(171)-(0512);(052)-(358)-(3972);LivhNdl@themail.com;
5307060340088;Nobubele ;Ndlovu;3188 MADIBA STREET NERSA BUILDING PRETORIA;0002;(049)-(976)-(9390);(052)-(442)-(9922);(047)-(265)-(2520);NobNd@yeboyes.co.za;2
2707140905083;Nokukhanya;Ndou;341 PRETORIA ROAD 13 SILVERVIEW SILVERTON;0184;(084)-(570)-(3890);(052)-(485)-(2084);(084)-(700)-(9028);;2
3906160799085;Ntsakisi ;Ndou;P O BOX 8888 MAUBANE;0412;(059)-(347)-(6246);(060)-(581)-(5211);(037)-(963)-(7424);Ndou@privatemail.co.za;1
4509220879086;Vuyisile ;Ndou;40 BUITEN AVENUE KELLYRIDGE RANDBURG;2194;(092)-(570)-(8963);(048)-(889)-(0863);(085)-(248)-(5438);VNdou@mailweb.org;2
2303030988083;Fortunate;Ndzulu;911 COMMERCIAL STREET CLAREMONT;0082;(098)-(411)-(7536);(044)-(650)-(7520);;FNdzulu@myweb.co.za;1
4512030696084;Marianna ;Ndzutha;8801 BEREA TOWERS PRETORIA;0002;(050)-(729)-(5090);(043)-(446)-(1989);(036)-(146)-(6188);Ndzu@mememail.org.za';
8407030360083;Sumitra;Ngcobo;11 LUCAS MORIPE STREET SAULSVILLE;0125;(018)-(921)-(4507);(020)-(820)-(6391);(066)-(229)-(7179);SumiNg@mememail.org.za';
7403250912088;Edmund;Ngobeni;88919 TAMARILO PLACE ERF 19884 KOSMOSDAL EXT 565;0157;(020)-(501)-(6292);(042)-(263)-(2986);;N@privatemail.co.za;1
3911070339085;Tshepiso ;Ngwa;188 BERNARDIE STREET CENTURION;0157;(051)-(342)-(1997);(075)-(284)-(3209);(069)-(938)-(1761);TshNgwa@myweb.co.za;3
4509140295084;Leshata ;Nhalungo;31 MOHLAKWANA STREET ATTERIDGEVILLE;0008;(070)-(325)-(5060);(027)-(438)-(2476);(013)-(869)-(8523);;2
5502200833083;Mabokale ;Nhalungo;UNIT 9 TROUPANT VILLAGE 14 TROUPANT AVENUE MAGALIESIG;2191;(066)-(232)-(4505);(018)-(655)-(7338);(022)-(132)-(9140);;
7701260528087;Thabiso ;Nhlapo;8804 RYDAL MOUNT NORTH BEACH;4001;(039)-(695)-(5181);(071)-(906)-(2145);(016)-(235)-(0244);TNhlap@themail.com;2
510523033088;Fezile;Nkabinde;31 BOPHELO ROAD HWS BUILDING NORTH PRETORIA;0002;(028)-(662)-(6165);(017)-(982)-(2477);;;
4106120248084;Gaotingwe;Nkabinde;UNIT 48 NINTH ON LEVER NOORDWYK;1687;(082)-(870)-(1925);(079)-(126)-(3644);(010)-(429)-(7466);GaN@mememail.org.za';2
8504060165087;Brian ;Nkatu;B101 SALVATORE SQUARE EDGEMEAD;7441;(067)-(357)-(0493);;(068)-(263)-(5896);BrianNkatu@privatemail.co.za;2
780622020088;Nkosikhona ;Nkgapele;888888 WINNIE MANDELA ZONE 1 WINNIE MANDELA ZONE 1;1632;(014)-(280)-(7521);(068)-(726)-(4642);(018)-(769)-(6044);;2
5907270761084;Mxoleleni ;Nkosi;11 ALEXANDER AVENUE FOURWAYS;2191;(061)-(599)-(8762);(029)-(729)-(7946);(060)-(369)-(7411);;2
521023092081;Edwin ;Nkune;116654 GOLDEN STREET MAMELODI EAST;0122;(074)-(978)-(8437);(025)-(336)-(4813);;EdwNkune@yeboyes.co.za;1
2611180135088;Moeketsi ;Noko;11 FAIRBREEZE ROAD KWA-ZULU NATAL BELFORT;3201;(094)-(515)-(4612);(080)-(884)-(9304);(091)-(535)-(6362);MoekeN@privatemail.co.za;3
3211200919082;Loyald ;Nthani;88 WEMMER PLACE 880- 9TH STREET LAROCHELLE ROSETTENVILLE;2190;(033)-(903)-(7765);(033)-(750)-(8047);(039)-(342)-(4198);;2
7512130745085;Jesse;Ntshabele;P O BOX 88014 MSOBOMVU;4961;(086)-(294)-(7002);(077)-(451)-(8545);(024)-(307)-(8564);Ntshab@mememail.org.za';
9212120894085;Sandile ;Ntshabele;33 BREAK FREE ESTATE MIMOSA ROAD BLUEHILLS, MIDRAND COUNTRY VIEW;1687;(046)-(662)-(2634);(060)-(733)-(8353);(057)-(827)-(8320);SaNtshab@mailweb.org;2
2012190284086;Kagiso;Ntuli;1191 OLIFANTSOOR STREET PROTEA GLEN EXT 1;1818;(083)-(110)-(7144);(091)-(274)-(9119);(044)-(354)-(5287);KaN@myweb.co.za;2
7505030416082;Nkululeko ;Ntumba;303 STOCKS CITY SOUTH 180 MEARS STREET SUNNYSIDE;0002;(095)-(590)-(4003);(098)-(649)-(7440);(074)-(370)-(5626);NkNtumba@mailweb.org;
3811210932081;Nontshumayelo ;Ntumba;UNIT 30 TWENTY ON FURROW FURROW STREET HOMES HAVENS HOMES HAVEN EXT 13;1759;(051)-(944)-(0681);(019)-(362)-(8555);(040)-(211)-(6070);NontNtumb@mailman.co.za;2
7805110427084;Shephard ;Nukeri;113 BARVALE DRIVE BAKERVILLE GARDENS;4037;(018)-(524)-(2893);(072)-(865)-(9816);(098)-(299)-(2130);SNukeri@privatemail.co.za;2
1709280678088;Stephan ;Nyalungu;410 JUSTICE MOHAMED STREET RIECOR FLAT 8 SUNNYSIDE;0002;(084)-(628)-(5658);(062)-(332)-(6416);(018)-(592)-(7076);StephN@myweb.co.za;2
2005130271081;Navisha;Nyamupangedengu;14 BRINK STREET DISCOVERY EXT 3;1709;(047)-(922)-(7532);(055)-(233)-(1573);(091)-(964)-(6830);N@mememail.org.za';2
2709110853083;Ndivhuwo ;Oliver;10119 LEFOKOTSANE STREET EXTENSION 30 VOSLOORUS EXT 30;1475;(043)-(452)-(8545);(072)-(720)-(8195);(078)-(178)-(8394);;1
6404230631085;Zukisa;Oloyede;13119 HONGA STREET MAMELODI EXT 4;0122;(011)-(997)-(6564);(045)-(622)-(5791);(015)-(145)-(3663);ZukOlo@mailman.co.za;1
6404030447088;Fezeka ;Oluwaleye;944 HANS COVERDALE NORTH EERSTERUS EXT 88;0022;(027)-(983)-(0079);(099)-(714)-(8415);;Oluwa@myweb.co.za;2
7707250934088;Kholofelo;Oppermann;49 REGINALD STREET CLAYVILLE EXT 13;1666;(058)-(359)-(2454);(072)-(366)-(8536);(046)-(798)-(9651);;2
290611026087;Goratamang ;Owens;19 COB STREET MOSSEL BAY EXT 13;6506;(034)-(452)-(4032);(045)-(984)-(6194);(046)-(536)-(3745);GoOwens@mailman.co.za;2
9710010812081;Phakamani ;Owens;P O BOX 1913 MARGATE;4275;(067)-(697)-(9900);(091)-(519)-(4669);(094)-(115)-(0389);POwen@myweb.co.za;2
6311250169086;Cilia ;Patel;4113 BOPHELONG 88 VANDERBIJLPARK;1911;;(048)-(787)-(8265);(024)-(890)-(9083);CilPatel@myweb.co.za;
6112060275088;Magda;Peter;P O BOX 11303 THE TRAMSHED;0126;(087)-(397)-(4070);(029)-(475)-(1303);(088)-(990)-(3159);Peter@myweb.co.za;2
9907280115082;Paul ;Phakathi;1 DARTMOOR CL TABLE VIEW;7441;(056)-(331)-(7137);(058)-(553)-(6363);(014)-(552)-(0288);;2
8009100659085;Hulisani ;Phakwago;13889 PEBBLE CREEK GREENSTONE;1609;(047)-(194)-(3209);(087)-(471)-(7649);(051)-(421)-(1092);HP@themail.com;2
3503100678084;Jonathan;Phalane;8 AMANDAHOF 118 DANIE THERON STREET PRETORIA NORTH;0182;(096)-(576)-(3186);(068)-(610)-(4108);(078)-(858)-(4999);JonaPh@mememail.org.za';
7205020213082;Leesha;Phindiso;P O BOX 1113 HAMMANSKRAAL;0400;(059)-(183)-(2997);(089)-(604)-(9637);(098)-(864)-(0585);;2
8807130418086;Muteba ;Phiri;10 MIDSOMER CRESCENT SOMERSET PARK;4319;(096)-(689)-(1484);(088)-(402)-(4873);(086)-(718)-(9175);MuPhiri@privatemail.co.za;1
7907160124082;Phumzile ;Phiri;889 BODUPE VILLAGE GAKGAPANE;0838;(016)-(434)-(3543);(099)-(100)-(4080);(053)-(663)-(8466);;2
3906250668088;Nkhetheni ;Phosa;P O BOX 13883 RUIMSIG;1732;(095)-(260)-(1710);(075)-(430)-(0922);(088)-(655)-(0479);NkhetPhosa@myweb.co.za;1
6706260635082;Kehinde ;Phoshoko;C10488 UMLAZI;4066;(054)-(693)-(5568);(094)-(539)-(1422);(086)-(406)-(4173);KeP@themail.com;1
5608060712087;Johnson;Pillay;43 GORDON OVAL, FIFTH STREET BERGBRON;1709;(026)-(617)-(5105);(050)-(299)-(1990);(096)-(718)-(9333);;1
4103240120082;Livhuwani ;Pillay;188 BOXER STREET, NORTHRIDING NORTHRIDING GAUTENG NOORDHANG UIT 188;2188;(035)-(541)-(3390);(055)-(290)-(6194);(042)-(329)-(6564);;2
8802220958083;Tshepo ;Pillay;8 SASKIA 1114 KARRIBOOM STREET MOREGLOED;0186;(014)-(327)-(1263);(045)-(284)-(0421);(048)-(203)-(7752);TsPillay@mailman.co.za;
7804050808083;Shaun ;Pinto;130 VARSITY DRIVE RESERVOIR HILLS;4091;(016)-(163)-(4755);(061)-(563)-(5077);(042)-(992)-(0567);Pint@themail.com;2
2007100717086;Warren ;Piroe;119 DU TOIT STREET 104 ORPHEUM MANSIONS PRETORIA;0002;(057)-(406)-(2092);(012)-(519)-(8360);(081)-(853)-(0164);WarrePiroe@yeboyes.co.za;2
6808120518082;Nthateng ;Ponnusamy;P O BOX 1001 NEANDERTAL;0714;(093)-(540)-(9295);(099)-(819)-(0642);(092)-(656)-(4161);Ponn@privatemail.co.za;2
6910130773087;Regine;Prinsloo;BROOKLANDS 3-039 PRIVATE BAG X1 RASLOUW;0109;(044)-(978)-(5365);(053)-(575)-(8334);(055)-(120)-(0742);;
6408200513081;Jade ;Ramoipone;P O BOX 14888 BROOKLYN SQUARE;0075;(076)-(546)-(2450);(062)-(318)-(5630);(072)-(631)-(2719);JadRa@myweb.co.za;
9311100557082;Thilivhali ;Ramrathan;88888 PHASE 3 PETLEKE STREET MORULA VIEW;0190;(028)-(200)-(9583);(081)-(608)-(4835);(042)-(913)-(9140);ThilRa@mailweb.org;1
8512050670085;Tlou ;Ramushi;NO 8 MULLINS ROAD, WYCHWOOD MALVERN EAST;1401;(097)-(245)-(3972);(094)-(667)-(5578);(042)-(476)-(5212);;2
9601060188087;Jade ;Raolane;113 CUMBERLAND SREET KENSINGTON;2094;(036)-(625)-(2350);(018)-(847)-(2687);(066)-(720)-(9567);R@mememail.org.za';2
4308010928085;Brian ;Ratshefola;P O BOX 1 MENLYN;0063;(018)-(387)-(1207);;(093)-(347)-(1087);BrRatsh@myweb.co.za;2
3509040348083;Jaco;Ravhura;1348 BLOCK TT SOSHANGUVE;0152;(091)-(150)-(5446);(011)-(388)-(6501);(062)-(336)-(3531);JacRavhu@mailweb.org;2
1412130177086;Sumitra;Rehman;P O BOX 1388 LADYBRAND;9745;(042)-(260)-(3086);(097)-(804)-(8377);(039)-(833)-(5940);SuReh@mailweb.org;2
6803160923084;Lionel ;Reinke;11 WORSHOND CLOSE AUSTIN VIEW AUSTINVIEW EXT 1;1685;(092)-(354)-(4312);(016)-(745)-(2552);(030)-(217)-(1102);LR@myweb.co.za;2
7312170466084;Jesse;Retief;188 ECHIUM STREET PARKLANDS NORTH;7441;(085)-(627)-(0015);(029)-(644)-(4346);(084)-(576)-(1253);JessRetie@mailweb.org;2
1504280313088;Thato ;Robertson;1139 ZONE SIX EXT1 SEBOKENG;1983;(067)-(429)-(8627);(050)-(867)-(1729);(073)-(988)-(0747);ThRo@themail.com;2
2811170937087;Jan ;Robinson;188THUTHLWA STREET ATTERIDGEVILLE;0008;(036)-(230)-(3090);(065)-(740)-(1390);(089)-(275)-(3191);Jan R@myweb.co.za;2
2709210905082;Kagiso;Robinson;P O BOX 18899 ROSSLYN;0200;(068)-(469)-(9297);(066)-(375)-(7645);(071)-(749)-(6368);KagiRo@mailweb.org;2
5007040974083;Calvin;Rosser;W108888 WINNIE MANDELA ZONE 11;1632;(073)-(165)-(7166);;(053)-(805)-(4989);CalvRosser@myweb.co.za;4
6511130973087;Kalaivani;Rosser;31 STRATFORD COMPLEX CNR WATERLOO & SLOANE BRYANSTON;2191;(028)-(670)-(0295);(057)-(746)-(5893);(040)-(718)-(8308);KalaiRosse@themail.com;1
8104260177081;Ntsakisi ;Rudolph;1889 BALHAMBRA WAY NORTHDALE;3201;(092)-(510)-(9664);(015)-(960)-(5135);(026)-(259)-(7316);NtsRudolp@yeboyes.co.za;1
5612220214081;Tshepang ;Rudolph;P O BOX 188888 LWAMONDO;0985;(090)-(597)-(7657);(074)-(808)-(8208);(090)-(174)-(6045);Rudolp@privatemail.co.za;2
9202010527088;Nonhlanhla ;Rusch;1388 JET STREET LAUDIUM;0037;(067)-(928)-(0725);(041)-(969)-(2681);(096)-(913)-(5807);NonRusch@mememail.org.za';2
4011110520082;Michael ;Samwell;88341 EXTENSION 1 KWAXUMA;1868;(052)-(992)-(5950);(057)-(319)-(6896);(080)-(937)-(0706);;2
6102220345081;Busisiwe;Saunderson;NO 111 1ST FLOOR BIBLIO PLAZA RUSTENBURG;0299;(098)-(465)-(3325);;(034)-(888)-(6748);BusisSaun@privatemail.co.za;2
4111180106083;Johannes ;Sayed;880 ALBEN AVENUE EERSTERUS;0022;(092)-(742)-(8352);(091)-(167)-(8056);(031)-(343)-(2940);JohanS@myweb.co.za;
8908220122088;Andre ;Schoeman;UNIT 11 SOUTHERN VILLAS DAPHNE STREET NATURENA;2095;(066)-(489)-(8662);;(057)-(850)-(4856);;2
2011240231088;Nhloso ;Schoeman;3 CORONA COMPLEX WILGEHEUWEL;1724;(014)-(388)-(2222);(097)-(361)-(7012);(094)-(473)-(4225);NSc@mailman.co.za;5
5901150381088;Lebogang ;Seanego;19 MILCLIFF ROAD 31 BRYANSTON MANOR PAULSHOF;2191;(074)-(867)-(0866);(045)-(914)-(6862);(039)-(448)-(7804);;1
2201120350085;Wilhelm;Seanego;STAND 1898B THATCHFIELD HILLS ESTATE FALCON STREET CENTURION;0157;(023)-(968)-(4596);(066)-(985)-(5282);(039)-(170)-(4278);;2
5809170914084;Cobus ;Sebate;193 VERBERNA CRESCENT GREENFIELD;1458;;(056)-(600)-(8794);(077)-(103)-(5524);CobusSebate@privatemail.co.za;2
7902150410084;Frans ;Sebate;UNIT 1, ONE ON LONG 1 LONG STREET MOWBRAY, CAPE TOWN MOWBRAY;7700;(012)-(377)-(3292);(041)-(193)-(6531);;;2
5202230409086;Thobani ;Sehume;8809 TRANS BURGER 308 JEFF MASEMOLA PRETORIA;0002;(047)-(335)-(2479);(070)-(424)-(3994);(083)-(104)-(7613);;
5809250392081;Kaylen;Selabe;990 SULGRARE RD FOURWAYS;2191;(076)-(155)-(8833);(079)-(482)-(7304);(067)-(636)-(8241);KSela@mememail.org.za';2
5704100297086;Amukelani ;Seloana;BARBET STREET UNIT 11 MONTEROSSO ESTATE HALFWAY GARDENS;1686;(016)-(998)-(1168);;(019)-(106)-(6210);Seloan@myweb.co.za;1
6005080590081;Moses;Semenya;1988 RICHMOND PARK BERYL STREET OAKDENE;2190;(055)-(634)-(2084);(089)-(575)-(4753);(034)-(542)-(5080);Seme@privatemail.co.za;1
5706150123087;Pauline ;Semenya;UNIT 11 AMBER BLUFF MUSTANG CLOSE BELLAIRS PARK EXT 3;2162;(095)-(147)-(7601);(085)-(393)-(3113);(092)-(412)-(9899);PauSeme@themail.com;2
7906010195081;Richard ;Senabe;138840 ALLSPICE STREET PROTEA GLEN EXT 188;1818;(030)-(698)-(6143);(014)-(340)-(3335);(038)-(127)-(8356);RicS@mememail.org.za';2
1311240354085;Donald;Sethole;388 OREGON STREET VERULAM;4339;(087)-(798)-(0943);(049)-(732)-(7824);;DonalSethol@mailman.co.za;2
4905210696087;Sheldon ;Sethole;P O BOX 888988 CENTURION;0046;(064)-(523)-(5918);(039)-(951)-(3641);(021)-(493)-(7839);S@yeboyes.co.za;2
47072706087;Chippa ;Shange;33 MAXWELL ROAD LEVITICUS KEMPTON PARK;1619;;(051)-(634)-(9247);(081)-(241)-(0799);ChShang@myweb.co.za;2
4410200801082;Nilukshi ;Shange;P O BOX 884 MORULA;0196;(076)-(103)-(4531);(022)-(516)-(8914);(087)-(338)-(1603);NilShang@themail.com;
3605040496081;Steven;Shariff;488 KINGSTON VILLAGE DUPPRUIM AVE WELTEVREDENPARK;1709;(056)-(941)-(1755);(052)-(518)-(5093);(014)-(965)-(1656);SShari@mememail.org.za';1
2808250506083;Nishandhran ;Shezi;408 YORK AND BOND RANDBURG;2194;(060)-(802)-(5793);(033)-(521)-(6539);(047)-(228)-(2683);NishSh@mememail.org.za';2
7511030931085;Maria ;Shihlomulo;10 LAGO SOUTH STREET ZWARTKOP;0157;(077)-(268)-(3062);(098)-(775)-(2736);(095)-(241)-(1257);MShihlo@privatemail.co.za;2
4911280960085;Mamahooe ;Shoko;183 SWARTGOUD STREET 188 MOVADO WINCHESTER HILLS;2091;(017)-(470)-(7662);(047)-(169)-(4332);(073)-(637)-(1665);MamS@themail.com;2
9701100741082;Thipe ;Sibei;P O BOX 1443 BUCCLEUCH;2066;(025)-(823)-(5885);(071)-(573)-(5389);(015)-(926)-(0923);Sibei@mememail.org.za';
820305040087;William;Sifile;191 SECTION A MAMELODI WEST;0122;(016)-(351)-(4853);(049)-(384)-(4261);(047)-(198)-(7411);WSifi@privatemail.co.za;
8703170594084;Zukisa;Sifile;UKK148 TAMBOSECTION Bekkersdal Location WESTONARIA;1779;(041)-(600)-(2790);;(017)-(238)-(7499);ZukisSifile@themail.com;
1104280343081;Mark ;Sifunda;10830 VORNA VALLEY;1686;(039)-(837)-(7998);(091)-(319)-(5376);(064)-(129)-(4237);MSifund@themail.com;1
7107150227081;Mzukisi;Sithole;P O BOX 883 MOOKETSI;0825;(068)-(690)-(4942);(049)-(928)-(5910);(022)-(579)-(5022);MSi@yeboyes.co.za;1
1105280586088;Petrus ;Sithole;33 JOHANNA VAN DER MERWE STR KOOKRUS;1961;(066)-(539)-(4574);(040)-(594)-(2354);(031)-(597)-(8845);PS@myweb.co.za;2
4211180586086;Stacy ;Smith;DISCOVERY BUILDING 1 DISCOVERY PLACE SANDTON CITY;2196;(049)-(406)-(9996);(079)-(869)-(4968);(085)-(739)-(9439);SSmi@mailweb.org;1
5510220761085;Chrisna;Smits;14 ADRIAN AVENUE REMBRANDT RIDGE;2090;;(086)-(854)-(9438);(038)-(353)-(8963);ChriSm@privatemail.co.za;2
5608010370088;Emil;Snyman;10 ARISTEA CRESCENT GORDONS BAY MOUNTAIN SIDE;7140;(015)-(632)-(5114);(048)-(474)-(2514);;;1
8309040682084;Lufuno;Soare;33 HLUBI ROAD NGANGELIZWE;5100;(098)-(178)-(2313);(060)-(367)-(2850);(029)-(549)-(7105);;2
5102060208085;Michiel ;Soare;P O BOX 88048 MMABATHO;2735;(022)-(311)-(3788);(069)-(264)-(1791);(063)-(793)-(3455);;
5304280232082;Nthateng ;Songo;1 DROPHY STREET BLOEMENDAL;6059;(083)-(279)-(1103);(037)-(364)-(4960);(053)-(664)-(0353);NSongo@mailman.co.za;1
8902010959088;Job;Spengane;19 GQWARU STREET MOTHERWELL NU 3;6211;(015)-(912)-(5678);(064)-(925)-(4571);(013)-(957)-(1818);JobSpen@privatemail.co.za;2
4812160561083;Nkgopoleng ;Spengane;P O BOX 198888 SOVENGA;0727;(056)-(592)-(1537);;(042)-(294)-(6599);Speng@privatemail.co.za;1
4401230403085;Cecil ;Swanepoel;ROOM 03 LEGAE 119 119 BREE STREET JOHANNESBURG;2001;(097)-(476)-(9632);(071)-(198)-(5937);(058)-(992)-(2711);;2
3405190169081;Katlego ;Swanepoel;19 LISTER STREET CW 3 VANDERBIJLPARK;1911;(058)-(897)-(2417);(068)-(811)-(2093);(074)-(898)-(4001);;
7411170290083;Jaco ;Syrzysko;P O BOX 1398 MATSULU;1203;(029)-(598)-(4965);(055)-(404)-(1142);(059)-(137)-(3859);JacoSyrzy@privatemail.co.za;1
9408100658087;Lonwabo;Tandwa;33 INVICTA ROAD 565 WATERFORD COMPLEX MIDRAND;1682;(073)-(654)-(9133);;(011)-(179)-(9743);;2
3205070928081;Mmadineo ;Tandwa;P O BOX 8808 MORULA;0196;(058)-(380)-(5593);(034)-(754)-(4986);(062)-(113)-(2202);;2
6711170133088;Sven ;Teane;10 MUSWELL ROAD BRYANSTON;2191;(065)-(419)-(1811);(023)-(926)-(6059);(015)-(703)-(4229);;2
5608240727082;Tshilidzi;Terry;8841 REINDERS AVENUE PRETORIA NORTH;0182;(081)-(943)-(2153);(086)-(854)-(4925);;TTerry@yeboyes.co.za;4
4403190822084;Phindile ;Tong;88434 MOHLAPA STREET EXTENSION 14 MAHUBE VALLEY;0122;(081)-(721)-(4307);(036)-(538)-(2454);(056)-(938)-(7569);PhiTong@themail.com;4
7303120569085;Letsoni ;Tshabalala;P O BOX 1304 ESIKHAWINI;3887;(095)-(467)-(4481);(046)-(282)-(2908);(067)-(239)-(4674);;2
4906270884086;Nompumelelo;Tsotetsi;HOUSE NO 118840 EVATON WEST EXT 11;1984;(023)-(692)-(8878);(047)-(939)-(0080);(010)-(941)-(8997);;1
9204240981082;Emmanuel;Tyhalithi;UNIT 1088 SUMMERSET VILLAGE SAGEWOOD;1685;;(056)-(747)-(9182);;Tyhali@privatemail.co.za;2
5209150693082;Hendrick ;Tyhalithi;194 LUNNON RD HILLCREST;0083;(023)-(905)-(3672);(027)-(398)-(3285);(064)-(229)-(6225);HendTyh@yeboyes.co.za;2
5805130165085;Phuti ;Van Der Merwe;489 HILLGROVE DRIVE NEWLANDS WEST;4037;(068)-(384)-(9562);(099)-(292)-(4943);(053)-(918)-(6980);PhutVan De@themail.com;2
7602020209088;Baipidi;Van Der Walt;41 SOUTHERN KLIPRIVIERSBERG JOHANNESBURG, 11988 THE HILL;2197;(092)-(327)-(6127);;(011)-(531)-(0381);;
1709240402082;Louis ;Van Der Westhuizen;P O BOX 138888 THE TRAMSHED;0126;(034)-(406)-(2034);(022)-(493)-(6494);(028)-(775)-(3157);;2
4202160138084;Nomsa ;Van Eetveld;CARE VISION BUILDING M1 KARL BREMER HOSPITAL CNR JIP DE JAGER & FRANS C BELLVILLE;7530;(017)-(684)-(0684);(048)-(375)-(8703);(089)-(984)-(0368);;2
5505230875081;Rene;Van Huissteden;188 J ELK PLACE PHILIP NEL PARK;0183;(072)-(391)-(4271);(048)-(309)-(6205);(056)-(306)-(1631);V@myweb.co.za;2
8709250986088;Lungiswa ;Van Niekerk;8 JARVIS ROAD BEREA;5241;(054)-(469)-(9968);(048)-(829)-(3794);(020)-(524)-(6990);;
530628013085;Modisaotsile ;Van Rensburg;GG 1883 NDYEBO STREET TOWN 1 KHAYELITSHA;7784;;(029)-(585)-(1426);(019)-(686)-(2915);ModisVan@myweb.co.za;2
9411220643082;Brandon ;Van Rooyen;9 BIRKENHEAD ROAD UNIT 88 BLOUBERGSTRAND;7441;(078)-(373)-(4313);;(073)-(841)-(5321);;5
6412170702085;Shaun ;Van Rooyen;5650 EDWIN STREET MORELETAPARK EXT 1;0181;(088)-(797)-(7508);(068)-(361)-(4963);(030)-(608)-(3145);SVan@yeboyes.co.za;2
9109140754088;Mashamokwena ;Van Vuuren;488 SIXTH AVENUE ROODEPOORT NORTH;1724;(072)-(432)-(4094);(099)-(338)-(6528);(097)-(273)-(6866);MaVan V@privatemail.co.za;
4802050681086;Mubarak;Van Wyk;311 MONOPATI FLAT 180 VISAGIE STREET PRETORIA;0002;(096)-(313)-(6489);(074)-(157)-(8867);(074)-(203)-(4931);Van@yeboyes.co.za;
1503200793088;Promise ;Van Wyk;WESTVIEW SECURITY ESATE JOHNSTON 388 FOSSIL STREET PRETORIA;0002;(079)-(806)-(0010);(027)-(734)-(9270);(040)-(932)-(6418);PrVan Wy@themail.com;
7704070438085;Muhammad;Vaphi;14840 MAKHURA DRIVE DIEPKLOOF;1862;;(064)-(654)-(1713);;MuhaVaphi@myweb.co.za;2
2012200849081;Onele;Veeragaloo;565883 EXT 10 DIEPSLOOT;2189;(013)-(304)-(1410);(047)-(157)-(4958);(034)-(157)-(0274);OneleVeera@mememail.org.za';1
9910120124085;Emil;Venter;P O BOX 10889 LANSERIA;1748;(023)-(574)-(1636);(061)-(382)-(4027);;EmiVente@mememail.org.za';
3208130215083;Koena ;Viviers;403 MONOVILLA 311 KOTZE STREET SUNNYSIDE;0002;(019)-(867)-(9883);(037)-(958)-(3816);(054)-(447)-(0733);;2
7108280360087;Maria ;Vorster;P O BOX 1105651 BIZANA;4800;(089)-(451)-(1674);(041)-(199)-(8401);(098)-(174)-(3341);;
9609270686085;Charl ;Wamala;LEAPLY LAUNCHLAB 11 HAMMANSHAND RD STELLENBOSCH;7600;;(063)-(856)-(5967);(049)-(919)-(1120);;1
9612070824088;Culnescia;Webb;STAND NO: 883565/188 MIDDELBURG HLALAMNANDI HLALAMNANDI;1055;;(087)-(271)-(5135);(053)-(437)-(5969);;
5507130805081;Mosima ;Webb;19 OLIFANT STREET ELANDSFONTEIN;1601;(033)-(418)-(6181);(087)-(457)-(4550);(063)-(429)-(8017);W@myweb.co.za;1
2309220589087;Sylvester ;Xhakaza;P O BOX 1340 UMTATA;5099;(074)-(666)-(7434);(064)-(290)-(1537);(024)-(131)-(2549);;3
9010200680087;Mothupi ;Xulubana;P O BOX 11318 THE TRAMSHED;0126;;(065)-(848)-(7223);(039)-(256)-(2775);MoXulub@mememail.org.za';2
960124047081;Phatte ;Yeki;83 SUMMERSET PLACE SUMMERSET ROAD NOORDWYK EXT 1;1687;(025)-(393)-(9557);(071)-(791)-(1188);(074)-(192)-(3674);PhYeki@privatemail.co.za;2
3406130687081;Duane ;Zaverdinos;3030 TIGERFISH STREET ALLANDALE EXT 11;1682;(061)-(721)-(0007);(081)-(239)-(7486);;DuZa@mailweb.org;2
7101110702082;Matete;Zaverdinos;UNIT 310 THE HUB 31 STRAND STREET WALMER EST;7925;(071)-(940)-(1110);(061)-(556)-(4855);(069)-(639)-(5064);Zav@privatemail.co.za;2
4403240664081;George ;Zawistowski;P O BOX 101118 MORELETA PLAZA;0167;(098)-(446)-(4395);(039)-(673)-(0391);(093)-(602)-(0892);;2
3203230938086;Fulufhelo ;Zombene;8 WATERFALL HEIGHTS CNR BEKKER AND JANSON CLOSE MIDRAND;1682;(075)-(221)-(8555);(017)-(979)-(1283);;Zomb@themail.com;2
5902220915081;Goratamang ;Zwakala;P O BOX 888888 KYALAMI;1684;(048)-(246)-(0972);(042)-(915)-(8772);(037)-(125)-(0185);;
8810240788083;Lee-Anne ;Zwakala;388 CITRUS ROAD BONTEHEUWEL;7764;(048)-(933)-(5332);(038)-(769)-(0898);(078)-(990)-(7224);;2