INV0001,Supplement-197,236.60,3
INV0001,Supplement-156,80.00,2
INV0002,Supplement-172,100.42,3
INV0002,Supplement-147,120.00,5
INV0003,Supplement-39,170.00,5
INV0003,Supplement-180,115.00,4
INV0003,Supplement-18,45.00,4
INV0003,Supplement-169,170.00,2
INV0003,Supplement-104,320.00,5
INV0004,Supplement-32,65.00,1
INV0004,Supplement-146,130.00,3
INV0005,Supplement-70,135.00,2
INV0005,Supplement-42,300.00,1
INV0006,Supplement-243,100.00,1
INV0006,Supplement-24,110.00,4
INV0007,Supplement-241,100.00,2
INV0007,Supplement-224,170.00,4
INV0007,Supplement-187,90.00,2
INV0007,Supplement-125,80.00,2
INV0008,Supplement-245,205.20,4
INV0008,Supplement-22,60.00,2
INV0008,Supplement-145,150.00,3
INV0009,Supplement-77,150.00,2
INV0009,Supplement-181,121.13,5
INV0010,Supplement-26,181.18,3
INV0010,Supplement-197,236.60,4
INV0011,Supplement-172,100.42,5
INV0012,Supplement-227,216.08,4
INV0012,Supplement-177,110.68,1
INV0012,Supplement-169,170.00,2
INV0012,Supplement-159,139.18,1
INV0012,Supplement-132,221.34,3
INV0012,Supplement-125,80.00,2
INV0012,Supplement-10,114.56,5
INV0013,Supplement-225,126.07,2
INV0014,Supplement-86,92.26,3
INV0015,Supplement-84,91.30,3
INV0016,Supplement-22,106.12,5
INV0016,Supplement-182,203.02,1
INV0016,Supplement-137,111.20,3
INV0017,Supplement-214,205.20,4
INV0018,Supplement-32,93.58,5
INV0019,Supplement-236,126.54,1
INV0019,Supplement-201,158.82,1
INV0020,Supplement-31,101.13,2
INV0021,Supplement-18,94.72,1
INV0021,Supplement-156,95.68,1
INV0021,Supplement-128,149.26,2
INV0022,Supplement-92,185.92,5
INV0023,Supplement-6,197.84,1
INV0023,Supplement-141,110.68,4
INV0024,Supplement-223,266.24,3
INV0025,Supplement-85,134.88,5
INV0026,Supplement-241,124.00,3
INV0026,Supplement-185,138.56,1
INV0026,Supplement-168,135.06,3
INV0026,Supplement-127,116.38,5
INV0026,Supplement-107,203.02,4
INV0027,Supplement-226,86.64,4
INV0028,Supplement-44,110.50,5
INV0028,Supplement-104,284.92,4
INV0029,Supplement-30,262.82,1
INV0030,Supplement-61,165.40,1
INV0030,Supplement-139,114.10,5
INV0030,Supplement-104,284.92,1
INV0030,Supplement-101,141.28,1
INV0031,Supplement-219,164.52,5
INV0031,Supplement-176,112.96,5
INV0031,Supplement-136,146.02,3
INV0032,Supplement-122,201.00,2
INV0033,Supplement-176,112.96,4
INV0033,Supplement-146,164.26,3
INV0034,Supplement-97,123.04,2
INV0034,Supplement-219,164.52,4
INV0034,Supplement-215,190.30,5
INV0034,Supplement-204,225.64,5
INV0034,Supplement-17,171.30,3
INV0035,Supplement-53,123.28,2
INV0036,Supplement-51,76.55,4
INV0037,Supplement-80,160.84,3
INV0037,Supplement-24,154.97,4
INV0037,Supplement-195,221.78,1
INV0037,Supplement-187,110.68,3
INV0037,Supplement-18,94.72,4
INV0037,Supplement-166,139.18,5
INV0038,Supplement-159,139.18,2
INV0039,Supplement-69,123.22,5
INV0039,Supplement-240,94.72,1
INV0039,Supplement-185,138.56,3
INV0039,Supplement-10,114.56,5
INV0040,Supplement-67,44.56,2
INV0040,Supplement-29,93.40,1
INV0040,Supplement-239,230.38,3
INV0040,Supplement-194,174.60,2
INV0040,Supplement-143,124.36,4
INV0041,Supplement-64,52.54,4
INV0042,Supplement-141,110.68,5
INV0043,Supplement-25,223.54,4
INV0043,Supplement-207,501.83,5
INV0043,Supplement-175,238.36,4
INV0044,Supplement-89,214.42,1
INV0044,Supplement-20,130.06,5
INV0044,Supplement-182,203.02,3
INV0044,Supplement-145,175.48,2
INV0045,Supplement-228,96.56,5
INV0045,Supplement-205,222.92,2
INV0045,Supplement-146,164.26,3
INV0046,Supplement-94,175.48,3
INV0046,Supplement-47,152.40,3
INV0046,Supplement-198,131.46,2
INV0047,Supplement-8,132.34,3
INV0047,Supplement-78,185.92,5
INV0047,Supplement-44,110.50,5
INV0048,Supplement-6,197.84,1
INV0048,Supplement-243,118.04,5
INV0048,Supplement-103,504.56,1
INV0049,Supplement-23,509.68,2
INV0049,Supplement-176,112.96,2
INV0049,Supplement-168,135.06,3
INV0050,Supplement-229,107.49,2
INV0050,Supplement-203,326.40,5
INV0050,Supplement-174,224.94,3
INV0051,Supplement-54,111.34,4
INV0051,Supplement-42,287.64,2
INV0051,Supplement-168,135.06,2
INV0051,Supplement-157,155.40,1
INV0051,Supplement-1,216.96,3
INV0052,Supplement-33,183.46,4
INV0052,Supplement-178,125.96,1
INV0052,Supplement-162,214.94,1
INV0053,Supplement-94,175.48,1
INV0053,Supplement-172,100.42,1
INV0053,Supplement-160,142.60,1
INV0054,Supplement-38,139.70,3
INV0054,Supplement-237,58.14,4
INV0054,Supplement-158,72.49,2
INV0055,Supplement-76,191.62,5
INV0055,Supplement-45,82.18,2
INV0055,Supplement-121,195.56,2
INV0056,Supplement-78,185.92,1
INV0056,Supplement-14,195.01,5
INV0057,Supplement-149,168.82,4
INV0057,Supplement-117,191.31,4
INV0058,Supplement-235,196.93,4
INV0058,Supplement-211,192.76,5
INV0059,Supplement-201,158.82,1
INV0059,Supplement-184,245.46,2
INV0060,Supplement-54,111.34,1
INV0060,Supplement-160,142.60,4
INV0061,Supplement-32,93.58,4
INV0061,Supplement-162,214.94,4
INV0062,Supplement-231,292.02,3
INV0062,Supplement-216,223.54,5
INV0063,Supplement-30,262.82,1
INV0064,Supplement-124,168.90,4
INV0065,Supplement-241,124.00,5
INV0066,Supplement-3,185.26,3
INV0066,Supplement-151,173.09,3
INV0067,Supplement-93,174.56,2
INV0067,Supplement-29,93.40,1
INV0067,Supplement-236,126.54,2
INV0067,Supplement-119,158.54,2
INV0068,Supplement-173,271.42,1
INV0068,Supplement-167,135.76,1
INV0068,Supplement-146,164.26,4
INV0068,Supplement-125,109.54,3
INV0069,Supplement-125,109.54,3
INV0070,Supplement-94,175.48,3
INV0070,Supplement-62,281.25,4
INV0070,Supplement-209,158.56,2
INV0071,Supplement-37,135.86,2
INV0072,Supplement-89,214.42,5
INV0072,Supplement-46,147.16,4
INV0072,Supplement-138,161.36,3
INV0072,Supplement-10,114.56,5
INV0073,Supplement-189,117.52,5
INV0074,Supplement-46,147.16,3
INV0075,Supplement-28,175.92,5
INV0075,Supplement-232,255.28,5
INV0075,Supplement-183,203.10,5
INV0076,Supplement-141,110.68,2
INV0077,Supplement-80,160.84,3
INV0078,Supplement-62,281.25,3
INV0079,Supplement-57,127.08,1
INV0079,Supplement-21,232.92,3
INV0079,Supplement-190,164.78,1
INV0079,Supplement-114,147.68,2
INV0080,Supplement-184,308.16,3
INV0080,Supplement-131,202.84,1
INV0081,Supplement-39,208.72,4
INV0081,Supplement-177,141.46,1
INV0082,Supplement-59,183.12,5
INV0082,Supplement-100,61.47,2
INV0083,Supplement-58,192.14,4
INV0083,Supplement-183,239.58,5
INV0084,Supplement-5,201.88,2
INV0084,Supplement-157,203.28,3
INV0085,Supplement-62,326.85,1
INV0085,Supplement-106,242.74,1
INV0086,Supplement-199,267.12,1
INV0086,Supplement-17,195.24,3
INV0087,Supplement-206,241.60,4
INV0087,Supplement-119,196.16,5
INV0088,Supplement-219,201.00,5
INV0088,Supplement-217,286.76,2
INV0089,Supplement-20,148.30,5
INV0089,Supplement-10,178.40,4
INV0090,Supplement-59,183.12,5
INV0090,Supplement-105,208.72,1
INV0091,Supplement-29,139.00,3
INV0091,Supplement-28,222.66,3
INV0092,Supplement-88,248.55,1
INV0092,Supplement-170,196.70,3
INV0093,Supplement-224,241.34,3
INV0093,Supplement-199,267.12,1
INV0094,Supplement-8,140.32,3
INV0094,Supplement-57,146.46,5
INV0095,Supplement-30,289.04,2
INV0095,Supplement-245,224.35,3
INV0096,Supplement-33,231.34,3
INV0096,Supplement-187,131.20,5
INV0097,Supplement-8,140.32,4
INV0097,Supplement-172,146.02,1
INV0098,Supplement-214,230.28,6
INV0099,Supplement-124,192.84,2
INV0099,Supplement-108,230.20,2
INV0100,Supplement-85,175.92,5
INV0100,Supplement-136,188.20,2
INV01000,Supplement-69,196.18,4
INV01000,Supplement-27,251.16,5
INV01001,Supplement-18,179.08,3
INV01001,Supplement-111,119.70,4
INV01002,Supplement-76,297.64,5
INV01003,Supplement-232,313.42,5
INV01004,Supplement-12,300.00,1
INV01005,Supplement-170,232.04,5
INV01005,Supplement-153,256.60,2
INV01006,Supplement-142,141.10,2
INV01007,Supplement-176,206.44,5
INV01007,Supplement-105,295.36,1
INV01008,Supplement-191,305.70,4
INV01008,Supplement-156,183.46,1
INV01009,Supplement-178,238.82,5
INV0101,Supplement-94,208.54,1
INV0101,Supplement-59,183.12,3
INV01010,Supplement-68,241.78,4
INV01011,Supplement-73,262.04,5
INV01011,Supplement-107,280.54,4
INV01012,Supplement-129,245.46,4
INV01013,Supplement-22,215.56,3
INV01014,Supplement-130,230.38,1
INV01015,Supplement-108,276.94,5
INV01016,Supplement-75,236.08,5
INV01017,Supplement-33,262.12,2
INV01018,Supplement-79,216.70,1
INV01019,Supplement-29,219.94,3
INV0102,Supplement-204,274.66,4
INV0102,Supplement-20,148.30,1
INV01020,Supplement-119,231.50,2
INV01021,Supplement-178,238.82,4
INV01022,Supplement-200,267.12,2
INV01023,Supplement-79,216.70,5
INV01024,Supplement-236,210.90,1
INV01025,Supplement-228,193.46,3
INV01026,Supplement-35,103.74,2
INV01027,Supplement-71,358.14,1
INV01028,Supplement-166,205.30,4
INV01029,Supplement-162,246.86,3
INV0103,Supplement-86,141.28,1
INV0103,Supplement-52,148.96,5
INV01030,Supplement-1,336.66,4
INV01031,Supplement-123,326.14,3
INV01032,Supplement-241,233.44,4
INV01033,Supplement-13,142.68,1
INV01034,Supplement-91,277.20,5
INV01034,Supplement-1,336.66,4
INV01035,Supplement-38,235.46,5
INV01036,Supplement-125,169.96,4
INV01037,Supplement-234,297.02,5
INV01038,Supplement-21,307.02,2
INV01038,Supplement-199,299.04,4
INV01039,Supplement-80,285.10,3
INV0104,Supplement-135,118.92,1
INV0104,Supplement-112,2667.64,2
INV01040,Supplement-59,244.68,4
INV01040,Supplement-231,359.28,4
INV01041,Supplement-244,298.78,2
INV01041,Supplement-1,336.66,2
INV01042,Supplement-188,158.46,1
INV01042,Supplement-101,247.30,2
INV01043,Supplement-204,349.90,1
INV01044,Supplement-146,255.46,3
INV01045,Supplement-59,244.68,2
INV01046,Supplement-58,253.70,4
INV01046,Supplement-13,142.68,1
INV01047,Supplement-223,366.56,4
INV01048,Supplement-181,229.06,2
INV01048,Supplement-112,2710.96,2
INV01049,Supplement-97,240.46,2
INV01049,Supplement-151,254.03,3
INV0105,Supplement-38,183.02,2
INV0105,Supplement-125,154.00,5
INV01050,Supplement-81,314.74,3
INV01051,Supplement-70,244.06,5
INV01051,Supplement-22,215.56,5
INV01052,Supplement-30,335.78,3
INV01052,Supplement-166,205.30,4
INV01053,Supplement-134,229.24,3
INV01054,Supplement-35,103.74,4
INV01054,Supplement-127,189.34,5
INV01055,Supplement-124,257.82,4
INV01056,Supplement-147,267.26,5
INV01057,Supplement-155,183.02,2
INV01058,Supplement-155,183.02,3
INV01059,Supplement-47,286.92,4
INV0106,Supplement-226,98.04,2
INV0106,Supplement-202,150.84,2
INV01060,Supplement-46,220.12,1
INV01060,Supplement-174,335.52,4
INV01061,Supplement-115,420.40,3
INV01062,Supplement-245,290.47,4
INV01063,Supplement-235,250.51,5
INV01064,Supplement-62,392.97,4
INV01064,Supplement-154,342.88,1
INV01065,Supplement-230,278.26,4
INV01066,Supplement-7,284.66,1
INV01066,Supplement-111,131.10,5
INV01067,Supplement-89,351.22,4
INV01067,Supplement-49,260.28,4
INV01068,Supplement-23,597.46,5
INV01069,Supplement-83,300.44,2
INV01069,Supplement-181,239.32,3
INV0107,Supplement-23,540.46,3
INV0107,Supplement-123,256.60,3
INV01070,Supplement-55,175.16,4
INV01070,Supplement-186,270.28,2
INV01071,Supplement-32,238.36,4
INV01072,Supplement-231,371.82,3
INV01072,Supplement-182,306.76,1
INV01073,Supplement-5,260.02,4
INV01073,Supplement-124,280.62,2
INV01074,Supplement-2,252.04,2
INV01075,Supplement-47,321.12,1
INV01076,Supplement-11,205.75,2
INV01077,Supplement-78,268.00,4
INV01077,Supplement-108,311.14,3
INV01078,Supplement-126,277.90,5
INV01079,Supplement-62,397.53,3
INV01079,Supplement-56,4793.80,5
INV0108,Supplement-78,223.54,5
INV0108,Supplement-233,235.57,5
INV01080,Supplement-244,330.70,3
INV01080,Supplement-114,257.12,1
INV01081,Supplement-143,221.26,1
INV01082,Supplement-42,414.18,1
INV01082,Supplement-133,279.40,1
INV01083,Supplement-155,183.02,4
INV01084,Supplement-173,332.98,2
INV01084,Supplement-114,257.12,1
INV01085,Supplement-29,232.48,5
INV01085,Supplement-212,302.72,4
INV01086,Supplement-97,247.30,4
INV01087,Supplement-233,280.03,1
INV01087,Supplement-167,249.76,1
INV01088,Supplement-74,260.98,2
INV01088,Supplement-198,256.86,3
INV01089,Supplement-103,616.28,4
INV0109,Supplement-88,248.55,5
INV0109,Supplement-83,218.36,5
INV01090,Supplement-65,189.34,4
INV01090,Supplement-220,326.14,4
INV01091,Supplement-18,184.78,2
INV01091,Supplement-127,216.70,5
INV01092,Supplement-113,114.00,1
INV01093,Supplement-178,238.82,2
INV01094,Supplement-104,408.04,1
INV01095,Supplement-39,281.68,4
INV01095,Supplement-178,238.82,4
INV01096,Supplement-232,340.78,5
INV01097,Supplement-96,205.12,4
INV01097,Supplement-238,248.00,4
INV01098,Supplement-67,138.04,2
INV01098,Supplement-59,246.96,3
INV01099,Supplement-27,262.56,1
INV0110,Supplement-211,216.70,4
INV0110,Supplement-161,181.36,5
INV01100,Supplement-157,286.50,2
INV01101,Supplement-236,233.70,2
INV01101,Supplement-220,326.14,4
INV01102,Supplement-11,205.75,5
INV01103,Supplement-206,338.50,1
INV01103,Supplement-137,232.04,2
INV01104,Supplement-233,280.03,1
INV01104,Supplement-142,150.22,3
INV01105,Supplement-188,190.38,4
INV01106,Supplement-68,256.60,1
INV01106,Supplement-228,215.12,2
INV01107,Supplement-93,277.16,1
INV01107,Supplement-75,239.50,2
INV01108,Supplement-156,199.42,3
INV01109,Supplement-86,192.58,5
INV01109,Supplement-215,297.46,3
INV0111,Supplement-7,212.84,5
INV0111,Supplement-197,248.00,5
INV01110,Supplement-67,138.04,4
INV01110,Supplement-28,320.70,5
INV01111,Supplement-30,358.58,4
INV01112,Supplement-86,192.58,5
INV01113,Supplement-106,306.58,5
INV01114,Supplement-59,246.96,1
INV01114,Supplement-40,171.64,4
INV01115,Supplement-120,249.40,4
INV01116,Supplement-62,397.53,1
INV01116,Supplement-17,283.02,2
INV01117,Supplement-168,253.62,4
INV01117,Supplement-16,269.22,2
INV01118,Supplement-28,320.70,4
INV01119,Supplement-105,317.02,1
INV0112,Supplement-4,181.44,1
INV0112,Supplement-183,239.58,4
INV01120,Supplement-140,238.64,4
INV01121,Supplement-22,220.12,4
INV01121,Supplement-19,156.28,2
INV01122,Supplement-27,262.56,2
INV01123,Supplement-119,234.92,2
INV01123,Supplement-113,114.00,4
INV01124,Supplement-78,268.00,5
INV01124,Supplement-192,277.12,3
INV01125,Supplement-4,245.28,3
INV01126,Supplement-200,291.06,4
INV01126,Supplement-147,267.26,3
INV01127,Supplement-36,290.62,2
INV01127,Supplement-153,262.30,1
INV01128,Supplement-159,278.26,5
INV01129,Supplement-178,238.82,3
INV01129,Supplement-176,209.86,3
INV0113,Supplement-19,110.68,1
INV0113,Supplement-115,346.30,5
INV01130,Supplement-233,280.03,5
INV01130,Supplement-20,232.66,4
INV01131,Supplement-89,351.22,2
INV01132,Supplement-56,4793.80,2
INV01133,Supplement-93,174.56,2
INV01133,Supplement-29,93.40,1
INV01133,Supplement-236,126.54,6
INV01133,Supplement-119,158.54,2
INV01134,Supplement-197,303.86,1
INV01134,Supplement-157,286.50,1
INV01135,Supplement-92,288.52,4
INV01136,Supplement-63,169.96,5
INV01136,Supplement-55,175.16,4
INV01137,Supplement-203,413.04,5
INV01137,Supplement-102,245.02,5
INV01138,Supplement-183,314.82,3
INV01139,Supplement-93,174.56,2
INV01139,Supplement-29,93.40,1
INV01139,Supplement-236,126.54,4
INV01139,Supplement-119,158.54,2
INV0114,Supplement-237,88.92,4
INV0114,Supplement-220,249.76,1
INV01140,Supplement-23,597.46,2
INV01140,Supplement-107,312.46,2
INV01141,Supplement-3,277.60,4
INV01142,Supplement-135,208.98,1
INV01142,Supplement-129,279.66,2
INV01143,Supplement-100,136.71,1
INV01144,Supplement-93,174.56,2
INV01144,Supplement-29,93.40,1
INV01144,Supplement-236,126.54,4
INV01144,Supplement-119,158.54,2
INV01145,Supplement-93,174.56,2
INV01145,Supplement-29,93.40,1
INV01145,Supplement-236,126.54,2
INV01145,Supplement-119,158.54,2
INV01146,Supplement-26,280.36,4
INV01146,Supplement-174,349.20,4
INV01147,Supplement-240,198.46,3
INV01148,Supplement-207,608.99,5
INV01148,Supplement-127,216.70,2
INV01149,Supplement-3,277.60,5
INV01149,Supplement-138,325.52,1
INV0115,Supplement-25,275.98,5
INV0115,Supplement-245,224.35,3
INV01150,Supplement-76,327.28,5
INV01150,Supplement-240,198.46,2
INV01151,Supplement-39,281.68,4
INV01152,Supplement-77,239.58,3
INV01153,Supplement-36,290.62,4
INV01154,Supplement-65,189.34,1
INV01154,Supplement-19,156.28,4
INV01155,Supplement-72,268.96,5
INV01156,Supplement-46,232.66,3
INV01156,Supplement-231,371.82,3
INV01157,Supplement-61,273.70,1
INV01157,Supplement-147,267.26,5
INV01158,Supplement-67,138.04,4
INV01159,Supplement-74,260.98,3
INV01159,Supplement-193,258.78,1
INV0116,Supplement-17,195.24,3
INV0116,Supplement-118,120.94,4
INV01160,Supplement-85,254.58,4
INV01160,Supplement-51,178.01,4
INV01161,Supplement-198,256.86,3
INV01162,Supplement-27,262.56,2
INV01162,Supplement-227,334.64,4
INV01163,Supplement-16,269.22,1
INV01164,Supplement-114,257.12,5
INV01165,Supplement-45,168.82,1
INV01166,Supplement-95,246.34,2
INV01167,Supplement-100,136.71,2
INV01168,Supplement-7,284.66,5
INV01168,Supplement-106,306.58,3
INV01169,Supplement-85,254.58,3
INV0117,Supplement-211,216.70,2
INV01170,Supplement-60,264.58,4
INV01171,Supplement-151,269.99,4
INV01172,Supplement-76,327.28,3
INV01172,Supplement-113,114.00,4
INV01173,Supplement-119,234.92,1
INV01174,Supplement-227,334.64,4
INV01174,Supplement-146,270.28,4
INV01175,Supplement-211,266.86,5
INV01175,Supplement-166,223.54,1
INV01176,Supplement-70,245.20,1
INV01177,Supplement-35,132.24,1
INV01177,Supplement-157,286.50,3
INV01178,Supplement-44,245.02,2
INV01178,Supplement-139,172.24,2
INV01179,Supplement-199,315.00,3
INV0118,Supplement-93,174.56,2
INV0118,Supplement-29,93.40,1
INV0118,Supplement-236,126.54,2
INV0118,Supplement-119,158.54,2
INV01180,Supplement-99,222.22,3
INV01180,Supplement-242,306.14,1
INV01181,Supplement-55,175.16,1
INV01181,Supplement-14,323.83,2
INV01182,Supplement-197,303.86,2
INV01183,Supplement-237,205.20,2
INV01184,Supplement-12,304.56,3
INV01185,Supplement-54,273.22,3
INV01185,Supplement-129,279.66,5
INV01186,Supplement-242,306.14,2
INV01187,Supplement-89,351.22,2
INV01187,Supplement-13,151.80,1
INV01188,Supplement-65,189.34,3
INV01188,Supplement-117,277.95,2
INV01189,Supplement-78,268.00,5
INV0119,Supplement-u,,
INV01190,Supplement-70,245.20,3
INV01190,Supplement-130,234.94,3
INV01191,Supplement-47,321.12,5
INV01192,Supplement-239,322.72,3
INV01192,Supplement-155,183.02,2
INV01193,Supplement-186,270.28,5
INV01193,Supplement-172,223.54,1
INV01194,Supplement-215,297.46,5
INV01195,Supplement-84,200.74,4
INV01195,Supplement-11,205.75,1
INV01196,Supplement-197,303.86,3
INV01196,Supplement-159,278.26,3
INV01197,Supplement-36,290.62,3
INV01198,Supplement-52,217.36,5
INV01198,Supplement-181,239.32,4
INV01199,Supplement-95,246.34,5
INV01199,Supplement-236,126.54,4
INV01199,Supplement-181,239.32,5
INV0120,Supplement-182,233.80,1
INV0120,Supplement-133,201.88,1
INV0120,Supplement-127,164.26,5
INV01200,Supplement-25,329.56,2
INV01201,Supplement-62,397.53,1
INV01202,Supplement-44,245.02,3
INV01203,Supplement-236,126.54,2
INV01203,Supplement-222,333.76,1
INV01203,Supplement-164,317.02,2
INV01204,Supplement-193,258.78,2
INV01205,Supplement-52,217.36,3
INV01205,Supplement-48,290.88,2
INV01206,Supplement-236,126.54,6
INV01206,Supplement-161,257.74,2
INV01206,Supplement-144,217.84,3
INV01207,Supplement-121,297.02,1
INV01208,Supplement-186,270.28,2
INV01209,Supplement-46,232.66,4
INV01209,Supplement-161,257.74,1
INV0121,Supplement-93,174.56,2
INV0121,Supplement-29,93.40,1
INV0121,Supplement-236,126.54,2
INV0121,Supplement-119,158.54,2
INV01210,Supplement-41,196.18,2
INV01211,Supplement-209,240.64,3
INV01211,Supplement-201,302.46,5
INV01212,Supplement-199,315.00,2
INV01212,Supplement-109,224.94,1
INV01213,Supplement-39,281.68,3
INV01214,Supplement-49,260.28,4
INV01214,Supplement-193,258.78,2
INV01215,Supplement-214,257.64,4
INV01215,Supplement-109,224.94,2
INV01216,Supplement-192,277.12,1
INV01217,Supplement-67,138.04,1
INV01217,Supplement-30,358.58,2
INV01218,Supplement-236,126.54,4
INV01218,Supplement-158,197.89,4
INV01218,Supplement-128,230.20,2
INV01219,Supplement-14,323.83,3
INV0122,Supplement-u,,
INV01220,Supplement-132,318.24,2
INV01221,Supplement-219,255.72,1
INV01222,Supplement-38,237.74,3
INV01222,Supplement-236,126.54,4
INV01222,Supplement-195,300.44,5
INV01223,Supplement-231,371.82,3
INV01224,Supplement-6,305.00,4
INV01224,Supplement-176,209.86,1
INV01225,Supplement-236,126.54,2
INV01225,Supplement-142,150.22,1
INV01225,Supplement-112,2745.16,2
INV01226,Supplement-99,222.22,3
INV01227,Supplement-30,358.58,2
INV01228,Supplement-225,219.55,4
INV01229,Supplement-236,126.54,4
INV01229,Supplement-230,278.26,2
INV01229,Supplement-162,276.50,5
INV0123,Supplement-u,,
INV01230,Supplement-170,250.28,1
INV01231,Supplement-24,265.55,3
INV01231,Supplement-137,232.04,2
INV01232,Supplement-98,244.06,4
INV01232,Supplement-211,266.86,4
INV01233,Supplement-107,312.46,3
INV01234,Supplement-70,245.20,4
INV01234,Supplement-126,277.90,3
INV01235,Supplement-218,254.32,3
INV01235,Supplement-153,262.30,1
INV01236,Supplement-63,169.96,1
INV01237,Supplement-152,278.26,5
INV01237,Supplement-112,2745.16,5
INV01238,Supplement-215,297.46,1
INV01238,Supplement-118,207.58,5
INV01239,Supplement-96,205.12,1
INV0124,Supplement-20,148.30,5
INV0124,Supplement-131,202.84,2
INV01240,Supplement-4,245.28,5
INV01241,Supplement-190,292.46,1
INV01242,Supplement-26,280.36,5
INV01242,Supplement-236,126.54,6
INV01242,Supplement-189,182.50,5
INV01243,Supplement-145,251.86,3
INV01244,Supplement-7,284.66,3
INV01244,Supplement-207,608.99,5
INV01245,Supplement-165,327.10,5
INV01245,Supplement-146,270.28,3
INV01246,Supplement-39,281.68,2
INV01247,Supplement-221,258.88,4
INV01248,Supplement-243,173.90,2
INV01248,Supplement-236,126.54,2
INV01248,Supplement-166,223.54,5
INV01249,Supplement-151,269.99,3
INV0125,Supplement-4,181.44,5
INV0125,Supplement-198,179.34,5
INV01250,Supplement-45,168.82,5
INV01251,Supplement-236,126.54,6
INV01251,Supplement-123,339.82,1
INV01252,Supplement-34,275.88,3
INV01253,Supplement-183,314.82,1
INV01254,Supplement-137,232.04,2
INV01255,Supplement-231,371.82,4
INV01255,Supplement-225,219.55,4
INV01256,Supplement-243,173.90,5
INV01257,Supplement-112,2745.16,4
INV01258,Supplement-207,608.99,3
INV01259,Supplement-48,290.88,4
INV01259,Supplement-19,156.28,5
INV0126,Supplement-65,103.84,2
INV0126,Supplement-60,208.72,5
INV0126,Supplement-36,182.32,5
INV01260,Supplement-222,333.76,3
INV01261,Supplement-60,264.58,4
INV01261,Supplement-133,279.40,5
INV01262,Supplement-154,348.58,1
INV01262,Supplement-141,253.18,3
INV01263,Supplement-39,281.68,2
INV01263,Supplement-236,126.54,2
INV01263,Supplement-193,258.78,1
INV01264,Supplement-183,314.82,1
INV01265,Supplement-233,280.03,3
INV01266,Supplement-241,249.40,1
INV01267,Supplement-4,245.28,3
INV01267,Supplement-196,356.30,2
INV01268,Supplement-20,232.66,4
INV01269,Supplement-235,268.75,5
INV01269,Supplement-159,278.26,4
INV0127,Supplement-160,189.34,3
INV01270,Supplement-25,329.56,2
INV01270,Supplement-102,245.02,1
INV01271,Supplement-122,289.92,1
INV01272,Supplement-183,314.82,4
INV01272,Supplement-14,323.83,3
INV01273,Supplement-70,245.20,1
INV01273,Supplement-51,178.01,3
INV01274,Supplement-35,132.24,3
INV01275,Supplement-70,245.20,2
INV01275,Supplement-236,126.54,6
INV01275,Supplement-200,291.06,5
INV01276,Supplement-203,413.04,2
INV01277,Supplement-120,249.40,2
INV01278,Supplement-173,332.98,3
INV01279,Supplement-75,239.50,2
INV0128,Supplement-226,98.04,5
INV01280,Supplement-61,273.70,2
INV01281,Supplement-236,126.54,2
INV01281,Supplement-162,276.50,3
INV01281,Supplement-153,262.30,5
INV01282,Supplement-138,325.52,1
INV01283,Supplement-242,306.14,2
INV01284,Supplement-156,199.42,2
INV01285,Supplement-31,179.79,1
INV01285,Supplement-192,277.12,2
INV01286,Supplement-196,356.30,2
INV01287,Supplement-29,232.48,4
INV01287,Supplement-203,413.04,2
INV01288,Supplement-207,608.99,4
INV01288,Supplement-12,304.56,1
INV01289,Supplement-192,277.12,2
INV0129,Supplement-242,221.78,5
INV0129,Supplement-129,180.48,1
INV01290,Supplement-26,280.36,5
INV01290,Supplement-236,126.54,6
INV01290,Supplement-118,207.58,3
INV01291,Supplement-236,126.54,2
INV01291,Supplement-164,317.02,2
INV01291,Supplement-114,257.12,1
INV01292,Supplement-21,316.14,5
INV01293,Supplement-7,284.66,2
INV01293,Supplement-227,334.64,4
INV01294,Supplement-30,358.58,4
INV01294,Supplement-18,184.78,4
INV01295,Supplement-127,216.70,5
INV01296,Supplement-9,357.00,2
INV01297,Supplement-175,332.98,2
INV01298,Supplement-94,259.84,2
INV01298,Supplement-88,314.67,4
INV01299,Supplement-243,173.90,3
INV0130,Supplement-45,83.32,4
INV01300,Supplement-63,169.96,4
INV01300,Supplement-52,217.36,5
INV01301,Supplement-91,277.20,2
INV01301,Supplement-188,190.38,2
INV01302,Supplement-243,173.90,2
INV01303,Supplement-63,169.96,4
INV01303,Supplement-47,321.12,4
INV01304,Supplement-44,245.02,4
INV01305,Supplement-222,333.76,4
INV01305,Supplement-107,312.46,2
INV01306,Supplement-75,239.50,2
INV01306,Supplement-226,145.92,4
INV01307,Supplement-104,408.04,2
INV01308,Supplement-210,201.88,5
INV01308,Supplement-178,238.82,5
INV01309,Supplement-157,286.50,2
INV01309,Supplement-11,205.75,4
INV0131,Supplement-180,167.50,2
INV01310,Supplement-145,251.86,3
INV01311,Supplement-25,329.56,3
INV01311,Supplement-236,126.54,2
INV01311,Supplement-216,371.74,4
INV01312,Supplement-79,217.84,1
INV01312,Supplement-236,126.54,6
INV01312,Supplement-107,312.46,4
INV01313,Supplement-203,413.04,1
INV01314,Supplement-204,367.00,3
INV01315,Supplement-159,278.26,1
INV01316,Supplement-96,205.12,3
INV01316,Supplement-236,126.54,4
INV01316,Supplement-167,249.76,1
INV01317,Supplement-202,238.62,1
INV01318,Supplement-86,192.58,2
INV01318,Supplement-116,254.58,3
INV01319,Supplement-236,126.54,6
INV01319,Supplement-221,258.88,4
INV01319,Supplement-206,338.50,3
INV0132,Supplement-46,189.34,1
INV01320,Supplement-127,216.70,5
INV01321,Supplement-185,226.34,1
INV01322,Supplement-96,205.12,5
INV01322,Supplement-59,246.96,5
INV01323,Supplement-90,212.14,3
INV01324,Supplement-42,414.18,1
INV01324,Supplement-236,126.54,6
INV01324,Supplement-141,253.18,3
INV01325,Supplement-72,268.96,1
INV01325,Supplement-2,252.04,2
INV01326,Supplement-55,175.16,5
INV01327,Supplement-217,380.24,4
INV01327,Supplement-124,280.62,1
INV01328,Supplement-75,239.50,4
INV01328,Supplement-28,320.70,1
INV01329,Supplement-100,136.71,2
INV0133,Supplement-97,173.20,5
INV0133,Supplement-222,283.60,2
INV0133,Supplement-198,179.34,2
INV01330,Supplement-94,259.84,3
INV01330,Supplement-112,2745.16,5
INV01331,Supplement-136,263.44,1
INV01331,Supplement-128,230.20,3
INV01332,Supplement-105,317.02,1
INV01333,Supplement-110,252.04,2
INV01334,Supplement-27,262.56,1
INV01335,Supplement-58,257.12,5
INV01335,Supplement-46,232.66,2
INV01336,Supplement-90,212.14,2
INV01337,Supplement-231,371.82,3
INV01337,Supplement-180,221.08,2
INV01338,Supplement-72,268.96,5
INV01338,Supplement-12,304.56,5
INV01339,Supplement-171,428.12,3
INV0134,Supplement-116,165.66,2
INV01340,Supplement-108,311.14,3
INV01341,Supplement-194,258.96,1
INV01342,Supplement-91,277.20,5
INV01342,Supplement-190,292.46,4
INV01343,Supplement-112,2745.16,3
INV01344,Supplement-29,232.48,4
INV01344,Supplement-2,252.04,1
INV01345,Supplement-54,273.22,2
INV01345,Supplement-125,185.92,2
INV01346,Supplement-170,250.28,3
INV01347,Supplement-82,206.44,2
INV01347,Supplement-42,414.18,4
INV01348,Supplement-84,200.74,4
INV01348,Supplement-148,241.94,4
INV01349,Supplement-239,322.72,2
INV0135,Supplement-78,223.54,4
INV01350,Supplement-24,265.55,1
INV01350,Supplement-236,126.54,2
INV01350,Supplement-175,332.98,1
INV01351,Supplement-39,281.68,1
INV01351,Supplement-214,257.64,3
INV01352,Supplement-236,233.70,5
INV01353,Supplement-134,231.52,3
INV01354,Supplement-86,192.58,1
INV01355,Supplement-238,248.00,2
INV01355,Supplement-236,126.54,4
INV01355,Supplement-152,278.26,2
INV01356,Supplement-34,275.88,1
INV01357,Supplement-69,218.98,2
INV01357,Supplement-112,2745.16,1
INV01358,Supplement-9,357.00,4
INV01358,Supplement-69,218.98,4
INV01359,Supplement-135,208.98,3
INV0136,Supplement-100,61.47,1
INV01360,Supplement-146,270.28,4
INV01361,Supplement-221,258.88,4
INV01361,Supplement-124,280.62,1
INV01362,Supplement-26,280.36,5
INV01363,Supplement-93,277.16,1
INV01364,Supplement-242,306.14,2
INV01365,Supplement-119,234.92,5
INV01366,Supplement-135,208.98,1
INV01367,Supplement-172,223.54,3
INV01368,Supplement-236,126.54,4
INV01368,Supplement-108,311.14,3
INV01369,Supplement-239,322.72,3
INV0137,Supplement-171,357.44,2
INV01370,Supplement-24,265.55,3
INV01371,Supplement-28,320.70,2
INV01372,Supplement-43,218.80,1
INV01372,Supplement-236,126.54,6
INV01373,Supplement-47,321.12,1
INV01374,Supplement-19,156.28,1
INV01375,Supplement-149,279.40,2
INV01376,Supplement-229,188.43,1
INV01377,Supplement-236,126.54,6
INV01377,Supplement-196,356.30,4
INV01378,Supplement-129,279.66,3
INV01379,Supplement-201,302.46,2
INV0138,Supplement-180,167.50,4
INV01380,Supplement-14,323.83,1
INV01380,Supplement-138,325.52,3
INV01381,Supplement-245,306.43,3
INV01382,Supplement-195,300.44,5
INV01383,Supplement-119,234.92,3
INV01384,Supplement-157,286.50,2
INV01384,Supplement-101,281.50,4
INV01385,Supplement-239,322.72,1
INV01386,Supplement-75,239.50,3
INV01386,Supplement-196,356.30,4
INV01387,Supplement-51,178.01,3
INV01387,Supplement-38,237.74,4
INV01388,Supplement-187,231.52,4
INV01388,Supplement-13,151.80,1
INV01389,Supplement-202,238.62,1
INV0139,Supplement-5,201.88,1
INV0139,Supplement-210,144.88,4
INV0139,Supplement-114,186.44,3
INV01390,Supplement-190,292.46,4
INV01391,Supplement-93,277.16,2
INV01392,Supplement-28,320.70,4
INV01392,Supplement-175,332.98,4
INV01393,Supplement-210,201.88,1
INV01394,Supplement-71,367.26,1
INV01394,Supplement-143,221.26,2
INV01395,Supplement-236,126.54,6
INV01395,Supplement-228,215.12,2
INV01395,Supplement-134,231.52,2
INV01396,Supplement-86,192.58,2
INV01397,Supplement-54,273.22,4
INV01397,Supplement-237,205.20,2
INV01398,Supplement-236,126.54,4
INV01398,Supplement-154,348.58,2
INV01398,Supplement-130,234.94,5
INV01399,Supplement-164,317.02,5
INV0140,Supplement-173,288.52,4
INV01400,Supplement-91,277.20,4
INV01400,Supplement-116,254.58,1
INV01401,Supplement-2,252.04,1
INV01402,Supplement-182,306.76,2
INV01403,Supplement-226,145.92,5
INV01404,Supplement-220,326.14,5
INV01405,Supplement-141,253.18,3
INV01406,Supplement-219,255.72,1
INV01406,Supplement-165,327.10,2
INV01407,Supplement-176,209.86,5
INV01408,Supplement-245,306.43,3
INV01409,Supplement-39,281.68,2
INV0141,Supplement-193,193.80,5
INV01410,Supplement-49,260.28,1
INV01410,Supplement-126,277.90,2
INV01411,Supplement-150,400.24,5
INV01412,Supplement-228,215.12,1
INV01412,Supplement-195,300.44,3
INV01413,Supplement-117,277.95,1
INV01413,Supplement-11,205.75,2
INV01414,Supplement-68,256.60,4
INV01415,Supplement-210,201.88,1
INV01415,Supplement-105,317.02,5
INV01416,Supplement-153,262.30,4
INV01416,Supplement-131,303.16,2
INV01417,Supplement-25,329.56,1
INV01418,Supplement-165,327.10,2
INV01418,Supplement-163,197.32,5
INV01419,Supplement-78,268.00,4
INV01419,Supplement-236,126.54,4
INV01419,Supplement-193,258.78,5
INV0142,Supplement-228,154.70,4
INV0142,Supplement-179,226.60,2
INV0142,Supplement-167,184.78,2
INV0142,Supplement-113,38.76,5
INV01420,Supplement-78,268.00,3
INV01421,Supplement-206,338.50,1
INV01422,Supplement-58,257.12,4
INV01423,Supplement-95,246.34,2
INV01423,Supplement-58,257.12,4
INV01424,Supplement-163,197.32,5
INV01425,Supplement-22,220.12,5
INV01425,Supplement-121,297.02,3
INV01426,Supplement-35,132.24,4
INV01426,Supplement-225,219.55,5
INV01427,Supplement-112,2745.16,2
INV01428,Supplement-227,334.64,2
INV01428,Supplement-127,216.70,3
INV01429,Supplement-141,253.18,3
INV0143,Supplement-206,241.60,2
INV01430,Supplement-72,268.96,5
INV01430,Supplement-33,266.68,1
INV01431,Supplement-200,291.06,4
INV01431,Supplement-169,268.96,2
INV01432,Supplement-149,279.40,3
INV01433,Supplement-24,265.55,5
INV01433,Supplement-205,308.42,1
INV01434,Supplement-203,413.04,3
INV01434,Supplement-136,263.44,2
INV01435,Supplement-50,335.75,2
INV01436,Supplement-196,356.30,5
INV01436,Supplement-136,263.44,3
INV01437,Supplement-64,179.08,5
INV01437,Supplement-59,246.96,2
INV01437,Supplement-236,126.54,6
INV01438,Supplement-136,263.44,3
INV01439,Supplement-163,197.32,4
INV0144,Supplement-145,218.80,4
INV01440,Supplement-83,300.44,3
INV01441,Supplement-240,198.46,5
INV01441,Supplement-148,241.94,4
INV01442,Supplement-117,277.95,4
INV01443,Supplement-88,314.67,3
INV01443,Supplement-225,219.55,5
INV01444,Supplement-38,237.74,3
INV01444,Supplement-127,216.70,3
INV01445,Supplement-22,220.12,1
INV01446,Supplement-169,268.96,3
INV01447,Supplement-200,291.06,3
INV01447,Supplement-199,315.00,2
INV01448,Supplement-131,303.16,2
INV01449,Supplement-69,218.98,2
INV01449,Supplement-191,333.06,3
INV0145,Supplement-40,103.24,3
INV01450,Supplement-83,300.44,2
INV01450,Supplement-7,284.66,1
INV01451,Supplement-18,184.78,2
INV01452,Supplement-192,277.12,1
INV01452,Supplement-119,234.92,4
INV01453,Supplement-91,277.20,3
INV01453,Supplement-199,315.00,4
INV01454,Supplement-168,253.62,5
INV01455,Supplement-232,361.30,2
INV01455,Supplement-13,170.04,5
INV01456,Supplement-56,4825.72,1
INV01456,Supplement-51,192.83,4
INV01457,Supplement-142,178.72,5
INV01458,Supplement-229,218.07,3
INV01459,Supplement-195,328.94,2
INV0146,Supplement-8,140.32,1
INV01460,Supplement-243,195.56,2
INV01460,Supplement-139,184.78,2
INV01461,Supplement-76,353.50,4
INV01462,Supplement-244,360.34,4
INV01462,Supplement-18,214.42,5
INV01463,Supplement-211,280.54,3
INV01463,Supplement-100,145.83,5
INV01464,Supplement-46,238.36,2
INV01465,Supplement-18,214.42,3
INV01466,Supplement-3,282.16,4
INV01467,Supplement-244,360.34,1
INV01467,Supplement-17,287.58,2
INV01468,Supplement-226,150.48,3
INV01469,Supplement-232,361.30,3
INV01469,Supplement-16,294.30,1
INV0147,Supplement-42,322.98,3
INV01470,Supplement-35,159.60,1
INV01470,Supplement-241,281.32,4
INV01471,Supplement-60,270.28,4
INV01472,Supplement-32,271.42,2
INV01472,Supplement-22,225.82,3
INV01473,Supplement-90,221.26,2
INV01473,Supplement-29,264.40,1
INV01474,Supplement-243,195.56,3
INV01475,Supplement-207,629.51,5
INV01475,Supplement-156,229.06,3
INV01476,Supplement-23,610.00,3
INV01476,Supplement-167,261.16,1
INV01477,Supplement-187,231.52,5
INV01478,Supplement-186,301.06,5
INV01479,Supplement-41,226.96,1
INV0148,Supplement-75,174.52,3
INV01480,Supplement-90,221.26,2
INV01480,Supplement-34,292.98,3
INV01481,Supplement-52,219.64,3
INV01482,Supplement-192,304.48,1
INV01482,Supplement-110,282.82,2
INV01483,Supplement-242,326.66,1
INV01483,Supplement-112,2761.12,3
INV01484,Supplement-192,304.48,5
INV01485,Supplement-54,297.16,1
INV01486,Supplement-91,277.20,4
INV01486,Supplement-27,263.70,4
INV01487,Supplement-86,226.78,2
INV01487,Supplement-140,263.72,4
INV01488,Supplement-90,221.26,5
INV01488,Supplement-236,126.54,4
INV01488,Supplement-183,318.24,3
INV01489,Supplement-46,238.36,4
INV0149,Supplement-216,256.60,5
INV0149,Supplement-122,234.06,2
INV0149,Supplement-11,155.59,5
INV01490,Supplement-1,386.82,1
INV01491,Supplement-219,275.10,1
INV01492,Supplement-50,366.53,2
INV01492,Supplement-236,126.54,2
INV01492,Supplement-103,632.24,2
INV01493,Supplement-53,233.86,4
INV01494,Supplement-39,304.48,4
INV01494,Supplement-130,252.04,3
INV01495,Supplement-213,279.92,4
INV01495,Supplement-19,161.98,2
INV01496,Supplement-237,212.04,1
INV01497,Supplement-243,195.56,2
INV01498,Supplement-51,192.83,5
INV01498,Supplement-115,432.94,1
INV01499,Supplement-140,263.72,1
INV0150,Supplement-192,217.84,1
INV01500,Supplement-171,455.48,5
INV01501,Supplement-232,361.30,1
INV01501,Supplement-155,188.72,5
INV01502,Supplement-165,333.94,5
INV01502,Supplement-112,2761.12,3
INV01503,Supplement-118,230.38,5
INV01504,Supplement-46,238.36,4
INV01505,Supplement-148,275.00,4
INV01506,Supplement-63,203.02,5
INV01506,Supplement-195,328.94,1
INV01507,Supplement-94,276.94,1
INV01508,Supplement-98,257.74,1
INV01508,Supplement-232,361.30,1
INV01509,Supplement-174,378.84,1
INV01509,Supplement-105,348.94,3
INV0151,Supplement-121,217.22,4
INV01510,Supplement-232,361.30,3
INV01511,Supplement-10,283.28,1
INV01512,Supplement-98,257.74,3
INV01512,Supplement-145,278.08,5
INV01513,Supplement-40,184.18,4
INV01513,Supplement-134,261.16,5
INV01514,Supplement-67,158.56,3
INV01514,Supplement-179,340.60,1
INV01515,Supplement-124,305.70,2
INV01515,Supplement-121,327.80,3
INV01516,Supplement-99,235.90,5
INV01516,Supplement-85,284.22,5
INV01516,Supplement-236,126.54,4
INV01517,Supplement-42,434.70,2
INV01517,Supplement-163,216.70,3
INV01518,Supplement-61,281.68,5
INV01518,Supplement-54,297.16,1
INV01519,Supplement-173,362.62,3
INV01519,Supplement-114,271.94,3
INV0152,Supplement-223,309.56,3
INV01520,Supplement-238,260.54,1
INV01520,Supplement-196,360.86,5
INV01521,Supplement-90,221.26,2
INV01521,Supplement-190,323.24,2
INV01521,Supplement-104,438.82,5
INV01522,Supplement-91,277.20,2
INV01522,Supplement-23,610.00,1
INV01523,Supplement-192,304.48,1
INV01523,Supplement-184,391.38,2
INV01523,Supplement-10,283.28,5
INV01524,Supplement-242,326.66,1
INV01524,Supplement-228,244.76,4
INV01524,Supplement-110,282.82,4
INV01525,Supplement-84,201.88,3
INV01525,Supplement-36,295.18,1
INV01526,Supplement-217,395.06,3
INV01526,Supplement-200,305.88,4
INV01527,Supplement-28,329.82,1
INV01528,Supplement-86,226.78,2
INV01528,Supplement-74,291.76,1
INV01528,Supplement-34,292.98,3
INV01528,Supplement-138,328.94,1
INV01529,Supplement-52,219.64,3
INV01529,Supplement-183,318.24,3
INV01529,Supplement-152,301.06,4
INV01529,Supplement-130,252.04,2
INV0153,Supplement-38,183.02,1
INV01530,Supplement-210,234.94,5
INV01530,Supplement-206,356.74,2
INV01531,Supplement-205,325.52,4
INV01531,Supplement-100,145.83,2
INV01532,Supplement-93,311.36,1
INV01533,Supplement-88,348.87,2
INV01533,Supplement-54,297.16,1
INV01533,Supplement-50,366.53,2
INV01533,Supplement-180,229.06,2
INV01534,Supplement-19,161.98,1
INV01534,Supplement-15,391.20,3
INV01535,Supplement-215,307.72,4
INV01536,Supplement-90,221.26,5
INV01536,Supplement-66,201.88,3
INV01536,Supplement-240,204.16,5
INV01536,Supplement-213,279.92,4
INV01537,Supplement-79,236.08,5
INV01537,Supplement-232,361.30,5
INV01538,Supplement-91,277.20,4
INV01538,Supplement-60,270.28,2
INV01538,Supplement-206,356.74,3
INV01538,Supplement-1,386.82,1
INV01539,Supplement-75,264.58,4
INV01539,Supplement-44,278.08,4
INV0154,Supplement-24,175.49,4
INV0154,Supplement-136,188.20,3
INV0154,Supplement-100,61.47,4
INV01540,Supplement-48,312.54,5
INV01540,Supplement-239,337.54,4
INV01541,Supplement-62,400.95,4
INV01541,Supplement-127,234.94,3
INV01542,Supplement-8,234.94,1
INV01542,Supplement-215,307.72,1
INV01543,Supplement-81,367.18,4
INV01543,Supplement-39,304.48,4
INV01543,Supplement-237,212.04,1
INV01543,Supplement-19,161.98,2
INV01543,Supplement-104,438.82,3
INV01544,Supplement-131,332.80,3
INV01545,Supplement-212,320.96,5
INV01545,Supplement-209,245.20,4
INV01546,Supplement-196,360.86,4
INV01546,Supplement-177,287.38,4
INV01547,Supplement-62,400.95,1
INV01548,Supplement-9,386.64,4
INV01548,Supplement-46,238.36,4
INV01548,Supplement-243,195.56,2
INV01548,Supplement-186,301.06,5
INV01548,Supplement-171,455.48,5
INV01548,Supplement-147,300.32,4
INV01549,Supplement-88,348.87,1
INV01549,Supplement-41,226.96,1
INV01549,Supplement-232,361.30,1
INV01549,Supplement-117,285.93,5
INV01549,Supplement-115,432.94,1
INV0155,Supplement-193,193.80,2
INV01550,Supplement-46,238.36,4
INV01550,Supplement-34,292.98,3
INV01550,Supplement-174,378.84,3
INV01550,Supplement-140,263.72,1
INV01550,Supplement-137,235.46,5
INV01550,Supplement-112,2761.12,3
INV01551,Supplement-89,352.36,4
INV01551,Supplement-71,368.40,4
INV01551,Supplement-52,219.64,3
INV01551,Supplement-118,230.38,5
INV01552,Supplement-13,170.04,2
INV01553,Supplement-39,304.48,1
INV01553,Supplement-112,2761.12,6
INV01554,Supplement-237,212.04,4
INV01554,Supplement-192,304.48,5
INV01554,Supplement-151,280.25,5
INV01555,Supplement-54,297.16,1
INV01555,Supplement-4,268.08,1
INV01555,Supplement-100,145.83,5
INV01556,Supplement-27,263.70,4
INV01556,Supplement-242,326.66,5
INV01556,Supplement-186,301.06,2
INV01557,Supplement-34,292.98,3
INV01557,Supplement-207,629.51,3
INV01557,Supplement-140,263.72,4
INV01558,Supplement-90,221.26,5
INV01558,Supplement-62,400.95,4
INV01558,Supplement-108,336.22,4
INV01559,Supplement-93,311.36,3
INV01559,Supplement-204,372.70,4
INV0156,Supplement-89,271.42,1
INV01560,Supplement-49,294.48,3
INV01561,Supplement-99,235.90,5
INV01561,Supplement-219,275.10,1
INV01561,Supplement-138,328.94,4
INV01562,Supplement-11,228.55,4
INV01562,Supplement-103,632.24,2
INV01562,Supplement-102,251.86,4
INV01563,Supplement-56,4825.72,2
INV01563,Supplement-53,233.86,4
INV01563,Supplement-194,289.74,5
INV01564,Supplement-7,286.94,1
INV01564,Supplement-201,308.16,5
INV01564,Supplement-130,252.04,3
INV01565,Supplement-28,329.82,4
INV01565,Supplement-235,269.89,5
INV01565,Supplement-19,161.98,2
INV01566,Supplement-131,332.80,2
INV01567,Supplement-28,329.82,2
INV01567,Supplement-237,212.04,3
INV01567,Supplement-1,386.82,1
INV01568,Supplement-157,302.46,5
INV01568,Supplement-136,275.98,2
INV01569,Supplement-237,212.04,1
INV01569,Supplement-197,332.36,5
INV01569,Supplement-114,271.94,4
INV0157,Supplement-61,195.04,1
INV01570,Supplement-81,367.18,3
INV01570,Supplement-35,159.60,4
INV01571,Supplement-179,340.60,2
INV01572,Supplement-240,204.16,5
INV01572,Supplement-212,320.96,2
INV01572,Supplement-152,301.06,4
INV01573,Supplement-89,352.36,4
INV01573,Supplement-79,236.08,5
INV01573,Supplement-161,266.86,4
INV01574,Supplement-81,367.18,4
INV01574,Supplement-79,236.08,5
INV01574,Supplement-75,264.58,4
INV01574,Supplement-38,241.16,4
INV01574,Supplement-231,388.92,5
INV01574,Supplement-206,356.74,3
INV01574,Supplement-117,285.93,5
INV01575,Supplement-133,307.90,4
INV01576,Supplement-239,337.54,4
INV01576,Supplement-17,287.58,1
INV01576,Supplement-149,288.52,3
INV01577,Supplement-62,400.95,4
INV01577,Supplement-240,204.16,5
INV01577,Supplement-131,332.80,3
INV01578,Supplement-8,234.94,1
INV01578,Supplement-179,340.60,3
INV01578,Supplement-113,133.38,4
INV01579,Supplement-104,438.82,1
INV0158,Supplement-40,103.24,4
INV01580,Supplement-156,229.06,2
INV01580,Supplement-132,347.88,5
INV01580,Supplement-131,332.80,3
INV01581,Supplement-21,329.82,3
INV01581,Supplement-209,245.20,4
INV01581,Supplement-206,356.74,1
INV01582,Supplement-196,360.86,4
INV01582,Supplement-136,275.98,2
INV01582,Supplement-107,343.24,5
INV01583,Supplement-62,400.95,1
INV01583,Supplement-36,295.18,5
INV01583,Supplement-140,263.72,1
INV01584,Supplement-202,269.40,1
INV01585,Supplement-67,158.56,4
INV01585,Supplement-214,263.34,3
INV01585,Supplement-117,285.93,5
INV01586,Supplement-78,294.22,5
INV01586,Supplement-26,307.72,2
INV01586,Supplement-174,378.84,3
INV01587,Supplement-87,186.18,5
INV01587,Supplement-71,368.40,4
INV01587,Supplement-147,300.32,4
INV01587,Supplement-117,285.93,5
INV01587,Supplement-115,432.94,3
INV01588,Supplement-214,263.34,3
INV01588,Supplement-147,300.32,3
INV01589,Supplement-44,278.08,1
INV01589,Supplement-179,340.60,5
INV0159,Supplement-109,175.92,1
INV0160,Supplement-64,87.88,1
INV0161,Supplement-56,4729.96,4
INV0161,Supplement-49,174.78,3
INV0161,Supplement-198,179.34,5
INV0161,Supplement-107,248.62,2
INV0162,Supplement-157,203.28,5
INV0162,Supplement-143,167.68,2
INV0163,Supplement-225,152.29,2
INV0163,Supplement-187,131.20,5
INV0164,Supplement-218,220.12,2
INV0164,Supplement-208,200.56,4
INV0165,Supplement-89,271.42,2
INV0165,Supplement-122,234.06,5
INV0166,Supplement-80,209.86,5
INV0166,Supplement-203,342.36,2
INV0166,Supplement-114,186.44,3
INV0167,Supplement-194,211.08,5
INV0167,Supplement-159,184.78,1
INV0168,Supplement-88,248.55,2
INV0169,Supplement-32,141.46,2
INV0170,Supplement-40,103.24,1
INV0170,Supplement-225,152.29,1
INV0170,Supplement-19,110.68,5
INV0171,Supplement-91,245.28,4
INV0172,Supplement-67,92.44,3
INV0173,Supplement-233,235.57,1
INV0174,Supplement-139,143.74,1
INV0175,Supplement-70,188.20,2
INV0175,Supplement-48,208.80,3
INV0175,Supplement-40,103.24,4
INV0175,Supplement-150,319.30,5
INV0176,Supplement-208,200.56,2
INV0177,Supplement-117,206.13,5
INV0178,Supplement-224,241.34,5
INV0179,Supplement-164,218.98,1
INV0180,Supplement-89,271.42,5
INV0180,Supplement-224,241.34,4
INV0180,Supplement-123,256.60,3
INV0180,Supplement-108,230.20,4
INV0181,Supplement-240,148.30,3
INV0181,Supplement-164,218.98,1
INV0181,Supplement-153,188.20,5
INV0182,Supplement-144,157.42,2
INV0183,Supplement-54,167.20,5
INV0184,Supplement-64,87.88,1
INV0184,Supplement-50,263.93,4
INV0184,Supplement-202,150.84,1
INV0184,Supplement-179,226.60,3
INV0185,Supplement-47,199.14,5
INV0186,Supplement-239,270.28,2
INV0187,Supplement-95,180.22,3
INV0188,Supplement-35,75.24,5
INV0188,Supplement-172,146.02,5
INV0189,Supplement-143,167.68,1
INV0190,Supplement-27,189.60,1
INV0190,Supplement-236,147.06,1
INV0191,Supplement-56,4729.96,1
INV0191,Supplement-139,143.74,3
INV0191,Supplement-122,234.06,5
INV0192,Supplement-6,228.62,5
INV0193,Supplement-50,263.93,1
INV0193,Supplement-225,152.29,5
INV0193,Supplement-197,248.00,1
INV0193,Supplement-195,246.86,3
INV0194,Supplement-41,119.80,4
INV0194,Supplement-29,139.00,3
INV0195,Supplement-133,201.88,4
INV0195,Supplement-117,206.13,4
INV0196,Supplement-97,173.20,3
INV0196,Supplement-33,231.34,4
INV0197,Supplement-46,189.34,3
INV0197,Supplement-38,183.02,2
INV0198,Supplement-88,248.55,3
INV0198,Supplement-49,174.78,3
INV0198,Supplement-32,141.46,2
INV0198,Supplement-103,533.06,1
INV0199,Supplement-49,174.78,2
INV0199,Supplement-114,186.44,5
INV0200,Supplement-144,157.42,1
INV0200,Supplement-128,188.02,4
INV0201,Supplement-85,175.92,4
INV0201,Supplement-149,230.38,3
INV0201,Supplement-148,175.82,5
INV0202,Supplement-46,189.34,5
INV0203,Supplement-55,87.38,5
INV0203,Supplement-219,201.00,2
INV0203,Supplement-207,537.17,2
INV0203,Supplement-150,319.30,5
INV0204,Supplement-63,92.44,1
INV0205,Supplement-111,55.86,1
INV0206,Supplement-93,211.04,5
INV0206,Supplement-198,179.34,4
INV0206,Supplement-192,217.84,4
INV0207,Supplement-42,322.98,4
INV0207,Supplement-150,319.30,5
INV0207,Supplement-145,218.80,4
INV0208,Supplement-2,191.62,4
INV0209,Supplement-49,174.78,4
INV0209,Supplement-3,204.64,1
INV0209,Supplement-216,256.60,1
INV0210,Supplement-61,195.04,1
INV0210,Supplement-195,246.86,3
INV0211,Supplement-96,148.12,1
INV0212,Supplement-58,192.14,1
INV0212,Supplement-216,256.60,3
INV0213,Supplement-110,181.36,5
INV0214,Supplement-89,301.06,1
INV0214,Supplement-199,273.96,1
INV0215,Supplement-48,223.62,4
INV0216,Supplement-33,241.60,5
INV0217,Supplement-12,262.38,3
INV0218,Supplement-99,148.12,3
INV0218,Supplement-17,223.74,2
INV0219,Supplement-70,214.42,3
INV0219,Supplement-190,218.36,1
INV0220,Supplement-157,234.06,4
INV0220,Supplement-139,146.02,4
INV0220,Supplement-112,2689.30,3
INV0221,Supplement-83,237.74,1
INV0221,Supplement-51,126.71,1
INV0221,Supplement-18,139.18,2
INV0222,Supplement-65,115.24,5
INV0222,Supplement-57,148.74,2
INV0222,Supplement-46,211.00,2
INV0223,Supplement-223,327.80,4
INV0223,Supplement-193,222.30,3
INV0223,Supplement-160,201.88,5
INV0224,Supplement-46,211.00,2
INV0224,Supplement-173,295.36,1
INV0225,Supplement-206,267.82,1
INV0225,Supplement-121,241.16,3
INV0226,Supplement-23,563.26,3
INV0226,Supplement-152,206.44,2
INV0227,Supplement-135,132.60,2
INV0227,Supplement-13,106.20,5
INV0228,Supplement-55,115.88,3
INV0228,Supplement-51,126.71,1
INV0229,Supplement-5,215.56,1
INV0229,Supplement-163,128.92,3
INV0230,Supplement-50,269.63,1
INV0231,Supplement-191,266.94,3
INV0232,Supplement-96,174.34,4
INV0232,Supplement-206,267.82,4
INV0233,Supplement-55,115.88,3
INV0233,Supplement-182,262.30,3
INV0234,Supplement-31,141.03,2
INV0234,Supplement-140,152.00,4
INV0235,Supplement-227,287.90,3
INV0235,Supplement-157,234.06,5
INV0236,Supplement-103,539.90,2
INV0237,Supplement-142,110.32,1
INV0237,Supplement-11,160.15,2
INV0238,Supplement-244,268.00,4
INV0238,Supplement-206,267.82,4
INV0239,Supplement-73,223.28,4
INV0239,Supplement-72,230.20,2
INV0240,Supplement-112,2689.30,5
INV0240,Supplement-106,275.80,1
INV0241,Supplement-19,118.66,4
INV0242,Supplement-97,200.56,3
INV0243,Supplement-227,287.90,2
INV0244,Supplement-234,261.68,3
INV0244,Supplement-16,200.82,2
INV0245,Supplement-21,303.60,1
INV0245,Supplement-147,220.52,3
INV0246,Supplement-61,205.30,2
INV0246,Supplement-166,181.36,5
INV0247,Supplement-70,214.42,3
INV0247,Supplement-41,154.00,5
INV0248,Supplement-25,291.94,5
INV0249,Supplement-55,115.88,3
INV0250,Supplement-157,234.06,2
INV0251,Supplement-60,222.40,4
INV0251,Supplement-57,148.74,4
INV0251,Supplement-40,122.62,4
INV0251,Supplement-32,160.84,2
INV0251,Supplement-232,302.02,1
INV0251,Supplement-14,261.13,1
INV0252,Supplement-52,161.50,5
INV0252,Supplement-132,282.90,5
INV0253,Supplement-184,338.94,5
INV0253,Supplement-134,193.90,4
INV0254,Supplement-112,2689.30,4
INV0255,Supplement-52,161.50,5
INV0256,Supplement-160,201.88,3
INV0257,Supplement-90,136.90,1
INV0257,Supplement-228,174.08,2
INV0257,Supplement-181,180.04,2
INV0258,Supplement-46,211.00,2
INV0258,Supplement-17,223.74,3
INV0258,Supplement-140,152.00,3
INV0259,Supplement-67,92.44,1
INV0259,Supplement-152,206.44,4
INV0259,Supplement-114,209.24,4
INV0260,Supplement-139,146.02,2
INV0261,Supplement-158,146.59,2
INV0262,Supplement-129,211.26,1
INV0263,Supplement-99,148.12,2
INV0263,Supplement-93,232.70,2
INV0263,Supplement-126,196.96,2
INV0264,Supplement-94,230.20,4
INV0264,Supplement-231,311.40,5
INV0264,Supplement-157,234.06,1
INV0265,Supplement-184,338.94,3
INV0265,Supplement-139,146.02,1
INV0265,Supplement-127,169.96,2
INV0266,Supplement-100,81.99,2
INV0267,Supplement-175,294.22,5
INV0268,Supplement-15,307.98,3
INV0269,Supplement-226,108.30,5
INV0270,Supplement-59,211.62,1
INV0271,Supplement-68,212.14,1
INV0272,Supplement-18,139.18,5
INV0272,Supplement-128,205.12,2
INV0273,Supplement-170,206.96,5
INV0273,Supplement-110,181.36,3
INV0274,Supplement-70,214.42,1
INV0275,Supplement-4,184.86,4
INV0275,Supplement-26,217.66,3
INV0276,Supplement-220,270.28,5
INV0277,Supplement-90,136.90,4
INV0278,Supplement-111,72.96,2
INV0279,Supplement-57,148.74,2
INV0279,Supplement-10,186.38,3
INV0280,Supplement-243,128.30,2
INV0281,Supplement-158,146.59,1
INV0282,Supplement-228,174.08,1
INV0282,Supplement-138,234.32,4
INV0283,Supplement-61,205.30,2
INV0283,Supplement-189,141.46,2
INV0284,Supplement-170,206.96,5
INV0285,Supplement-4,184.86,3
INV0285,Supplement-234,261.68,2
INV0286,Supplement-113,41.04,4
INV0287,Supplement-37,200.84,3
INV0288,Supplement-18,139.18,2
INV0289,Supplement-76,258.88,4
INV0289,Supplement-53,148.36,4
INV0290,Supplement-154,297.28,3
INV0291,Supplement-88,275.91,2
INV0291,Supplement-146,198.46,1
INV0292,Supplement-221,207.58,4
INV0292,Supplement-192,234.94,5
INV0293,Supplement-225,186.49,5
INV0294,Supplement-46,211.00,4
INV0294,Supplement-45,101.56,4
INV0295,Supplement-8,166.54,5
INV0296,Supplement-54,184.30,2
INV0297,Supplement-53,148.36,5
INV0298,Supplement-193,222.30,5
INV0298,Supplement-189,141.46,3
INV0299,Supplement-82,156.28,1
INV0300,Supplement-63,114.10,4
INV0301,Supplement-152,206.44,5
INV0302,Supplement-176,182.50,3
INV0302,Supplement-141,166.54,3
INV0303,Supplement-51,126.71,2
INV0303,Supplement-180,197.14,5
INV0304,Supplement-226,108.30,3
INV0305,Supplement-79,197.32,2
INV0305,Supplement-11,160.15,5
INV0306,Supplement-57,148.74,2
INV0307,Supplement-103,539.90,5
INV0308,Supplement-43,170.92,2
INV0309,Supplement-224,266.42,2
INV0309,Supplement-13,106.20,5
INV0310,Supplement-24,188.03,5
INV0311,Supplement-173,295.36,5
INV0312,Supplement-210,147.16,3
INV0312,Supplement-136,206.44,2
INV0313,Supplement-39,234.94,3
INV0313,Supplement-103,539.90,3
INV0314,Supplement-2,192.76,1
INV0315,Supplement-5,215.56,5
INV0315,Supplement-202,180.48,3
INV0316,Supplement-45,101.56,4
INV0317,Supplement-73,223.28,5
INV0318,Supplement-135,132.60,3
INV0319,Supplement-129,211.26,2
INV0319,Supplement-125,158.56,5
INV0320,Supplement-36,208.54,3
INV0321,Supplement-220,270.28,1
INV0321,Supplement-218,225.82,4
INV0322,Supplement-167,197.32,1
INV0322,Supplement-165,246.16,1
INV0323,Supplement-4,184.86,4
INV0324,Supplement-224,266.42,4
INV0324,Supplement-21,303.60,4
INV0325,Supplement-120,201.52,4
INV0326,Supplement-98,179.08,4
INV0327,Supplement-91,255.54,5
INV0328,Supplement-32,160.84,1
INV0328,Supplement-26,217.66,3
INV0329,Supplement-37,200.84,1
INV0329,Supplement-178,186.38,3
INV0330,Supplement-235,225.43,1
INV0330,Supplement-121,241.16,2
INV0331,Supplement-157,234.06,2
INV0332,Supplement-36,208.54,1
INV0332,Supplement-119,207.56,4
INV0333,Supplement-171,375.68,1
INV0334,Supplement-158,146.59,5
INV0335,Supplement-236,177.84,3
INV0336,Supplement-63,114.10,5
INV0336,Supplement-131,223.36,4
INV0337,Supplement-49,207.84,2
INV0338,Supplement-60,222.40,1
INV0338,Supplement-127,169.96,2
INV0339,Supplement-134,193.90,3
INV0339,Supplement-106,275.80,2
INV0340,Supplement-150,346.66,3
INV0341,Supplement-172,163.12,3
INV0341,Supplement-129,211.26,4
INV0342,Supplement-216,289.66,4
INV0342,Supplement-13,106.20,3
INV0343,Supplement-214,234.84,1
INV0344,Supplement-27,195.30,5
INV0344,Supplement-242,245.72,4
INV0345,Supplement-68,212.14,1
INV0346,Supplement-66,101.56,2
INV0347,Supplement-123,262.30,4
INV0348,Supplement-178,186.38,4
INV0348,Supplement-151,225.53,2
INV0349,Supplement-42,352.62,4
INV0350,Supplement-206,267.82,1
INV0350,Supplement-135,132.60,4
INV0351,Supplement-82,156.28,3
INV0351,Supplement-55,115.88,5
INV0352,Supplement-188,131.10,3
INV0352,Supplement-127,169.96,4
INV0353,Supplement-103,539.90,4
INV0354,Supplement-125,158.56,5
INV0355,Supplement-22,184.78,3
INV0356,Supplement-89,301.06,5
INV0356,Supplement-69,182.50,4
INV0357,Supplement-12,262.38,3
INV0358,Supplement-229,133.71,4
INV0358,Supplement-209,189.34,2
INV0359,Supplement-198,180.48,3
INV0359,Supplement-141,166.54,5
INV0360,Supplement-149,247.48,5
INV0361,Supplement-226,108.30,1
INV0361,Supplement-172,163.12,3
INV0362,Supplement-48,223.62,5
INV0362,Supplement-235,225.43,2
INV0363,Supplement-115,377.08,2
INV0364,Supplement-221,207.58,4
INV0364,Supplement-113,41.04,5
INV0365,Supplement-160,201.88,1
INV0366,Supplement-80,233.80,1
INV0367,Supplement-84,136.90,1
INV0368,Supplement-112,2689.30,1
INV0369,Supplement-165,246.16,3
INV0370,Supplement-120,201.52,2
INV0370,Supplement-117,224.37,4
INV0371,Supplement-182,262.30,2
INV0372,Supplement-42,352.62,1
INV0373,Supplement-91,255.54,4
INV0374,Supplement-202,180.48,5
INV0374,Supplement-166,181.36,4
INV0375,Supplement-31,141.03,3
INV0376,Supplement-219,218.10,3
INV0376,Supplement-187,133.48,4
INV0377,Supplement-244,268.00,5
INV0377,Supplement-138,234.32,5
INV0378,Supplement-16,200.82,5
INV0379,Supplement-64,122.08,5
INV0379,Supplement-244,268.00,3
INV0380,Supplement-39,234.94,4
INV0380,Supplement-3,238.84,3
INV0381,Supplement-191,266.94,2
INV0382,Supplement-245,243.73,3
INV0382,Supplement-151,225.53,1
INV0383,Supplement-95,206.44,4
INV0383,Supplement-158,146.59,1
INV0384,Supplement-212,244.58,3
INV0385,Supplement-101,208.54,1
INV0386,Supplement-119,207.56,4
INV0387,Supplement-232,302.02,1
INV0387,Supplement-204,290.62,2
INV0388,Supplement-15,307.98,2
INV0389,Supplement-27,195.30,2
INV0389,Supplement-212,244.58,5
INV0390,Supplement-66,101.56,1
INV0390,Supplement-204,290.62,2
INV0391,Supplement-89,301.06,2
INV0392,Supplement-163,128.92,2
INV0392,Supplement-117,224.37,5
INV0393,Supplement-137,161.36,3
INV0394,Supplement-68,212.14,4
INV0394,Supplement-105,239.50,4
INV0395,Supplement-213,195.56,1
INV0395,Supplement-133,230.38,1
INV0396,Supplement-217,294.74,1
INV0397,Supplement-200,231.78,1
INV0397,Supplement-161,209.86,3
INV0398,Supplement-63,114.10,2
INV0398,Supplement-24,188.03,3
INV0399,Supplement-238,226.34,1
INV0400,Supplement-80,233.80,3
INV0400,Supplement-148,191.78,5
INV0401,Supplement-92,230.38,5
INV0401,Supplement-225,186.49,2
INV0402,Supplement-174,295.62,3
INV0403,Supplement-197,251.42,1
INV0404,Supplement-33,241.60,5
INV0405,Supplement-203,370.86,4
INV0405,Supplement-152,206.44,5
INV0406,Supplement-128,205.12,3
INV0407,Supplement-2,192.76,4
INV0407,Supplement-162,229.76,1
INV0408,Supplement-4,184.86,5
INV0408,Supplement-13,106.20,3
INV0409,Supplement-171,375.68,3
INV0410,Supplement-210,147.16,2
INV0411,Supplement-233,236.71,1
INV0411,Supplement-109,186.18,2
INV0412,Supplement-229,133.71,1
INV0413,Supplement-66,101.56,2
INV0413,Supplement-204,290.62,5
INV0414,Supplement-225,186.49,5
INV0414,Supplement-172,163.12,3
INV0415,Supplement-190,218.36,5
INV0416,Supplement-70,214.42,5
INV0416,Supplement-126,196.96,3
INV0417,Supplement-4,184.86,2
INV0417,Supplement-155,120.32,3
INV0418,Supplement-83,237.74,2
INV0419,Supplement-222,289.30,2
INV0419,Supplement-139,146.02,1
INV0420,Supplement-52,161.50,2
INV0420,Supplement-147,220.52,2
INV0421,Supplement-56,4739.08,1
INV0422,Supplement-183,261.24,1
INV0423,Supplement-9,286.32,2
INV0424,Supplement-186,185.92,1
INV0424,Supplement-180,197.14,1
INV0425,Supplement-139,146.02,4
INV0426,Supplement-173,295.36,5
INV0426,Supplement-135,132.60,4
INV0427,Supplement-128,205.12,3
INV0427,Supplement-108,232.48,1
INV0428,Supplement-185,185.30,2
INV0429,Supplement-64,122.08,1
INV0430,Supplement-143,192.76,4
INV0431,Supplement-181,180.04,1
INV0431,Supplement-166,181.36,2
INV0432,Supplement-87,130.32,1
INV0433,Supplement-74,210.82,1
INV0433,Supplement-59,211.62,2
INV0434,Supplement-98,179.08,4
INV0434,Supplement-54,184.30,3
INV0435,Supplement-82,156.28,5
INV0436,Supplement-164,253.18,4
INV0436,Supplement-140,152.00,4
INV0437,Supplement-179,258.52,5
INV0437,Supplement-150,346.66,1
INV0438,Supplement-183,261.24,2
INV0439,Supplement-62,359.91,2
INV0439,Supplement-120,201.52,3
INV0440,Supplement-43,170.92,3
INV0440,Supplement-145,221.08,5
INV0441,Supplement-155,120.32,2
INV0442,Supplement-170,206.96,1
INV0443,Supplement-207,553.13,1
INV0444,Supplement-151,225.53,5
INV0444,Supplement-145,221.08,5
INV0445,Supplement-102,214.24,3
INV0446,Supplement-198,180.48,4
INV0446,Supplement-163,128.92,3
INV0447,Supplement-60,222.40,2
INV0447,Supplement-23,563.26,3
INV0448,Supplement-28,229.50,1
INV0449,Supplement-145,221.08,2
INV0450,Supplement-83,237.74,5
INV0450,Supplement-207,553.13,1
INV0451,Supplement-120,201.52,2
INV0452,Supplement-239,273.70,4
INV0452,Supplement-131,223.36,5
INV0453,Supplement-189,141.46,1
INV0453,Supplement-170,206.96,3
INV0454,Supplement-144,176.80,5
INV0455,Supplement-87,130.32,3
INV0455,Supplement-240,150.58,1
INV0456,Supplement-52,161.50,4
INV0456,Supplement-223,327.80,2
INV0457,Supplement-194,216.78,1
INV0458,Supplement-60,222.40,1
INV0458,Supplement-196,300.44,3
INV0459,Supplement-193,222.30,5
INV0459,Supplement-169,233.62,1
INV0460,Supplement-16,200.82,1
INV0461,Supplement-187,133.48,1
INV0462,Supplement-52,161.50,3
INV0463,Supplement-70,214.42,5
INV0463,Supplement-126,196.96,4
INV0464,Supplement-38,212.66,5
INV0465,Supplement-2,192.76,3
INV0465,Supplement-185,185.30,4
INV0466,Supplement-55,115.88,4
INV0466,Supplement-126,196.96,2
INV0467,Supplement-153,203.02,3
INV0468,Supplement-157,234.06,9
INV0469,Supplement-37,200.84,2
INV0470,Supplement-39,234.94,4
INV0471,Supplement-142,110.32,4
INV0472,Supplement-244,268.00,3
INV0472,Supplement-123,262.30,5
INV0473,Supplement-216,289.66,3
INV0474,Supplement-80,233.80,4
INV0474,Supplement-78,224.68,1
INV0475,Supplement-67,92.44,4
INV0475,Supplement-11,160.15,3
INV0476,Supplement-36,208.54,1
INV0476,Supplement-188,131.10,4
INV0477,Supplement-216,289.66,4
INV0478,Supplement-147,220.52,5
INV0479,Supplement-74,210.82,2
INV0480,Supplement-230,239.50,4
INV0480,Supplement-179,258.52,2
INV0481,Supplement-60,222.40,3
INV0482,Supplement-179,258.52,1
INV0482,Supplement-168,206.88,1
INV0483,Supplement-193,222.30,2
INV0483,Supplement-108,232.48,2
INV0484,Supplement-15,307.98,5
INV0485,Supplement-234,261.68,4
INV0485,Supplement-126,196.96,3
INV0486,Supplement-9,286.32,1
INV0486,Supplement-208,218.80,5
INV0487,Supplement-5,215.56,3
INV0488,Supplement-8,166.54,4
INV0488,Supplement-19,118.66,1
INV0489,Supplement-72,230.20,1
INV0490,Supplement-42,352.62,5
INV0491,Supplement-59,211.62,2
INV0492,Supplement-102,214.24,3
INV0493,Supplement-154,297.28,4
INV0494,Supplement-188,131.10,3
INV0494,Supplement-162,229.76,1
INV0495,Supplement-114,209.24,1
INV0496,Supplement-108,232.48,5
INV0497,Supplement-27,195.30,3
INV0498,Supplement-59,211.62,4
INV0498,Supplement-174,295.62,1
INV0499,Supplement-233,236.71,5
INV0500,Supplement-196,300.44,3
INV0500,Supplement-127,169.96,4
INV0501,Supplement-241,175.30,5
INV0501,Supplement-224,266.42,1
INV0502,Supplement-140,152.00,3
INV0503,Supplement-226,108.30,5
INV0503,Supplement-144,176.80,2
INV0504,Supplement-190,218.36,3
INV0504,Supplement-179,258.52,1
INV0505,Supplement-60,222.40,2
INV0506,Supplement-96,174.34,4
INV0506,Supplement-45,101.56,4
INV0507,Supplement-31,141.03,2
INV0507,Supplement-21,303.60,2
INV0508,Supplement-97,200.56,3
INV0509,Supplement-103,539.90,2
INV0510,Supplement-185,185.30,1
INV0511,Supplement-220,270.28,3
INV0511,Supplement-1,281.94,4
INV0512,Supplement-122,239.76,3
INV0513,Supplement-27,195.30,1
INV0513,Supplement-14,261.13,5
INV0514,Supplement-205,259.40,4
INV0514,Supplement-175,294.22,5
INV0515,Supplement-155,120.32,4
INV0516,Supplement-65,115.24,1
INV0516,Supplement-114,209.24,1
INV0517,Supplement-10,186.38,4
INV0518,Supplement-61,205.30,4
INV0518,Supplement-42,352.62,4
INV0519,Supplement-82,156.28,4
INV0519,Supplement-18,139.18,3
INV0520,Supplement-88,275.91,4
INV0521,Supplement-230,239.50,1
INV0521,Supplement-148,191.78,2
INV0522,Supplement-238,226.34,5
INV0522,Supplement-210,147.16,4
INV0523,Supplement-8,166.54,1
INV0524,Supplement-59,211.62,2
INV0524,Supplement-130,177.94,2
INV0525,Supplement-136,206.44,5
INV0525,Supplement-129,211.26,5
INV0526,Supplement-83,237.74,2
INV0527,Supplement-79,197.32,3
INV0528,Supplement-141,166.54,4
INV0529,Supplement-62,359.91,1
INV0529,Supplement-190,218.36,5
INV0530,Supplement-45,101.56,2
INV0531,Supplement-94,230.20,2
INV0531,Supplement-197,251.42,5
INV0532,Supplement-41,154.00,2
INV0532,Supplement-17,223.74,5
INV0533,Supplement-189,141.46,5
INV0534,Supplement-141,166.54,2
INV0535,Supplement-178,186.38,1
INV0535,Supplement-127,169.96,5
INV0536,Supplement-88,275.91,4
INV0537,Supplement-72,230.20,4
INV0537,Supplement-172,163.12,3
INV0538,Supplement-27,195.30,2
INV0538,Supplement-174,295.62,1
INV0539,Supplement-12,262.38,4
INV0540,Supplement-145,221.08,3
INV0540,Supplement-138,234.32,1
INV0541,Supplement-129,211.26,5
INV0541,Supplement-128,205.12,5
INV0542,Supplement-182,262.30,3
INV0543,Supplement-171,375.68,2
INV0543,Supplement-103,539.90,5
INV0544,Supplement-56,4739.08,1
INV0544,Supplement-11,160.15,3
INV0545,Supplement-11,160.15,3
INV0546,Supplement-80,233.80,2
INV0547,Supplement-155,120.32,2
INV0548,Supplement-237,115.14,4
INV0548,Supplement-165,246.16,4
INV0549,Supplement-60,222.40,3
INV0550,Supplement-23,563.26,1
INV0550,Supplement-160,201.88,1
INV0551,Supplement-198,180.48,1
INV0551,Supplement-107,256.60,1
INV0552,Supplement-128,205.12,4
INV0553,Supplement-85,196.44,3
INV0554,Supplement-241,175.30,4
INV0555,Supplement-202,180.48,3
INV0555,Supplement-163,128.92,2
INV0556,Supplement-68,212.14,5
INV0557,Supplement-37,200.84,2
INV0557,Supplement-219,218.10,2
INV0558,Supplement-22,184.78,2
INV0558,Supplement-135,132.60,5
INV0559,Supplement-140,152.00,3
INV0560,Supplement-50,269.63,5
INV0560,Supplement-235,225.43,3
INV0561,Supplement-230,239.50,3
INV0561,Supplement-144,176.80,4
INV0562,Supplement-206,267.82,3
INV0563,Supplement-235,225.43,3
INV0563,Supplement-127,169.96,1
INV0564,Supplement-203,370.86,2
INV0564,Supplement-169,233.62,4
INV0565,Supplement-211,233.80,3
INV0566,Supplement-195,258.26,1
INV0567,Supplement-181,180.04,5
INV0568,Supplement-78,224.68,2
INV0568,Supplement-219,218.10,4
INV0569,Supplement-171,375.68,4
INV0570,Supplement-83,237.74,3
INV0570,Supplement-164,253.18,2
INV0571,Supplement-243,128.30,5
INV0571,Supplement-110,181.36,4
INV0572,Supplement-24,188.03,2
INV0573,Supplement-235,225.43,2
INV0574,Supplement-196,300.44,2
INV0574,Supplement-159,215.56,4
INV0575,Supplement-216,289.66,1
INV0576,Supplement-63,114.10,3
INV0576,Supplement-115,377.08,2
INV0577,Supplement-236,177.84,4
INV0578,Supplement-6,260.54,5
INV0579,Supplement-238,226.34,2
INV0580,Supplement-235,225.43,1
INV0580,Supplement-215,242.74,1
INV0581,Supplement-50,269.63,1
INV0582,Supplement-43,170.92,2
INV0582,Supplement-17,223.74,2
INV0583,Supplement-226,108.30,5
INV0583,Supplement-197,251.42,4
INV0584,Supplement-74,210.82,5
INV0584,Supplement-128,205.12,5
INV0585,Supplement-13,106.20,2
INV0586,Supplement-65,115.24,1
INV0587,Supplement-177,174.52,5
INV0588,Supplement-93,232.70,5
INV0588,Supplement-220,270.28,3
INV0589,Supplement-155,120.32,3
INV0590,Supplement-98,179.08,5
INV0590,Supplement-10,186.38,3
INV0591,Supplement-151,225.53,2
INV0591,Supplement-10,186.38,4
INV0592,Supplement-201,213.54,3
INV0593,Supplement-67,92.44,2
INV0593,Supplement-220,270.28,1
INV0594,Supplement-62,359.91,2
INV0594,Supplement-51,126.71,2
INV0595,Supplement-38,212.66,2
INV0596,Supplement-101,208.54,7
INV0597,Supplement-215,242.74,2
INV0598,Supplement-14,261.13,1
INV0599,Supplement-163,128.92,4
INV0600,Supplement-209,189.34,3
INV0601,Supplement-143,192.76,2
INV0602,Supplement-59,211.62,2
INV0602,Supplement-173,295.36,1
INV0603,Supplement-189,141.46,2
INV0604,Supplement-171,375.68,2
INV0605,Supplement-244,268.00,3
INV0606,Supplement-239,273.70,2
INV0606,Supplement-115,377.08,2
INV0607,Supplement-140,152.00,1
INV0608,Supplement-38,212.66,2
INV0608,Supplement-225,186.49,5
INV0609,Supplement-40,122.62,5
INV0609,Supplement-187,133.48,1
INV0610,Supplement-89,301.06,4
INV0611,Supplement-231,311.40,3
INV0611,Supplement-221,207.58,1
INV0612,Supplement-67,92.44,5
INV0612,Supplement-151,225.53,2
INV0613,Supplement-57,148.74,5
INV0614,Supplement-210,147.16,5
INV0614,Supplement-158,146.59,2
INV0615,Supplement-156,141.28,4
INV0615,Supplement-12,262.38,5
INV0616,Supplement-217,294.74,1
INV0617,Supplement-227,287.90,3
INV0618,Supplement-106,275.80,4
INV0619,Supplement-163,158.56,1
INV0619,Supplement-156,169.78,1
INV0620,Supplement-176,201.88,3
INV0621,Supplement-243,151.10,1
INV0621,Supplement-191,297.72,3
INV0622,Supplement-61,237.22,1
INV0622,Supplement-17,237.42,2
INV0623,Supplement-109,194.16,4
INV0624,Supplement-88,303.27,4
INV0624,Supplement-27,226.08,2
INV0625,Supplement-218,231.52,3
INV0626,Supplement-241,200.38,4
INV0626,Supplement-167,208.72,3
INV0627,Supplement-84,150.58,5
INV0627,Supplement-51,138.11,2
INV0628,Supplement-38,221.78,3
INV0629,Supplement-146,226.96,5
INV0629,Supplement-145,224.50,4
INV0630,Supplement-245,274.51,3
INV0630,Supplement-238,232.04,4
INV0631,Supplement-31,150.15,5
INV0632,Supplement-26,238.18,5
INV0632,Supplement-2,213.28,4
INV0633,Supplement-66,133.48,4
INV0633,Supplement-171,389.36,4
INV0634,Supplement-138,263.96,2
INV0635,Supplement-112,2700.70,5
INV0636,Supplement-14,269.11,4
INV0637,Supplement-231,330.78,2
INV0637,Supplement-107,266.86,4
INV0638,Supplement-139,163.12,5
INV0639,Supplement-33,242.74,2
INV0639,Supplement-140,185.06,1
INV0640,Supplement-71,358.14,2
INV0640,Supplement-70,240.64,5
INV0641,Supplement-9,314.82,2
INV0642,Supplement-233,257.23,2
INV0643,Supplement-229,157.65,5
INV0643,Supplement-112,2700.70,1
INV0644,Supplement-219,226.08,3
INV0645,Supplement-217,327.80,5
INV0645,Supplement-156,169.78,2
INV0646,Supplement-59,235.56,2
INV0646,Supplement-127,172.24,2
INV0647,Supplement-159,244.06,4
INV0648,Supplement-190,251.42,1
INV0648,Supplement-13,130.14,1
INV0649,Supplement-151,247.19,1
INV0649,Supplement-133,240.64,2
INV0650,Supplement-4,188.28,2
INV0651,Supplement-172,171.10,3
INV0651,Supplement-134,209.86,5
INV0652,Supplement-200,264.84,4
INV0652,Supplement-125,169.96,2
INV0653,Supplement-4,188.28,4
INV0654,Supplement-129,231.78,5
INV0655,Supplement-149,273.70,3
INV0656,Supplement-8,182.50,1
INV0656,Supplement-37,230.48,4
INV0657,Supplement-117,252.87,2
INV0658,Supplement-203,378.84,5
INV0658,Supplement-147,239.90,5
INV0659,Supplement-64,156.28,3
INV0659,Supplement-47,253.86,3
INV0660,Supplement-28,261.42,5
INV0661,Supplement-100,108.21,2
INV0662,Supplement-192,238.36,2
INV0663,Supplement-225,193.33,2
INV0663,Supplement-117,252.87,3
INV0664,Supplement-201,244.32,2
INV0665,Supplement-74,227.92,4
INV0665,Supplement-72,239.32,5
INV0666,Supplement-158,146.59,5
INV0666,Supplement-136,224.68,3
INV0667,Supplement-241,200.38,4
INV0668,Supplement-21,305.88,4
INV0668,Supplement-14,269.11,5
INV0669,Supplement-107,266.86,4
INV0669,Supplement-103,570.68,3
INV0670,Supplement-66,133.48,5
INV0671,Supplement-25,321.58,1
INV0671,Supplement-100,108.21,4
INV0672,Supplement-3,243.40,3
INV0672,Supplement-176,201.88,4
INV0673,Supplement-176,201.88,1
INV0674,Supplement-211,241.78,5
INV0675,Supplement-127,172.24,4
INV0676,Supplement-187,166.54,3
INV0676,Supplement-101,227.92,2
INV0677,Supplement-84,150.58,5
INV0678,Supplement-3,243.40,1
INV0678,Supplement-229,157.65,2
INV0679,Supplement-71,358.14,2
INV0679,Supplement-174,326.40,5
INV0680,Supplement-17,237.42,3
INV0681,Supplement-173,319.30,3
INV0682,Supplement-9,314.82,5
INV0682,Supplement-71,358.14,5
INV0683,Supplement-144,185.92,4
INV0684,Supplement-213,226.34,4
INV0685,Supplement-235,250.51,2
INV0686,Supplement-123,295.36,3
INV0687,Supplement-20,191.62,4
INV0687,Supplement-182,264.58,4
INV0688,Supplement-62,383.85,4
INV0689,Supplement-161,240.64,5
INV0690,Supplement-200,264.84,3
INV0691,Supplement-50,296.99,5
INV0691,Supplement-149,273.70,2
INV0692,Supplement-234,276.50,3
INV0693,Supplement-238,232.04,4
INV0693,Supplement-151,247.19,3
INV0694,Supplement-91,264.66,1
INV0694,Supplement-215,265.54,1
INV0695,Supplement-228,190.04,4
INV0695,Supplement-210,156.28,5
INV0696,Supplement-188,133.38,3
INV0697,Supplement-109,194.16,1
INV0698,Supplement-143,213.28,5
INV0699,Supplement-209,222.40,3
INV0699,Supplement-187,166.54,5
INV0700,Supplement-93,257.78,2
INV0701,Supplement-86,159.52,2
INV0701,Supplement-143,213.28,4
INV0702,Supplement-229,157.65,3
INV0702,Supplement-14,269.11,2
INV0703,Supplement-138,263.96,5
INV0704,Supplement-20,191.62,1
INV0704,Supplement-111,93.48,2
INV0705,Supplement-45,135.76,2
INV0705,Supplement-160,232.66,4
INV0706,Supplement-182,264.58,3
INV0707,Supplement-82,165.40,5
INV0707,Supplement-230,252.04,3
INV0708,Supplement-188,133.38,5
INV0709,Supplement-158,146.59,3
INV0710,Supplement-205,269.66,1
INV0711,Supplement-157,245.46,2
INV0712,Supplement-165,278.08,3
INV0713,Supplement-215,265.54,5
INV0713,Supplement-173,319.30,3
INV0714,Supplement-193,248.52,2
INV0715,Supplement-71,358.14,2
INV0716,Supplement-98,185.92,4
INV0717,Supplement-220,286.24,5
INV0717,Supplement-128,215.38,5
INV0718,Supplement-224,286.94,3
INV0719,Supplement-65,126.64,4
INV0719,Supplement-23,571.24,2
INV0720,Supplement-73,257.48,5
INV0720,Supplement-50,296.99,3
INV0721,Supplement-117,252.87,3
INV0722,Supplement-232,311.14,5
INV0722,Supplement-155,148.82,3
INV0723,Supplement-172,171.10,2
INV0723,Supplement-17,237.42,2
INV0724,Supplement-199,279.66,5
INV0725,Supplement-240,175.66,3
INV0725,Supplement-15,309.12,4
INV0726,Supplement-35,93.48,5
INV0726,Supplement-100,108.21,5
INV0727,Supplement-231,330.78,5
INV0728,Supplement-210,156.28,4
INV0729,Supplement-231,330.78,4
INV0730,Supplement-59,235.56,4
INV0730,Supplement-220,286.24,3
INV0731,Supplement-29,200.56,1
INV0732,Supplement-121,266.24,3
INV0732,Supplement-120,216.34,4
INV0733,Supplement-50,296.99,1
INV0733,Supplement-28,261.42,4
INV0734,Supplement-222,317.80,5
INV0735,Supplement-48,250.98,3
INV0735,Supplement-232,311.14,1
INV0736,Supplement-188,133.38,1
INV0737,Supplement-28,261.42,3
INV0737,Supplement-121,266.24,1
INV0738,Supplement-52,171.76,4
INV0738,Supplement-191,297.72,2
INV0739,Supplement-20,191.62,3
INV0740,Supplement-36,227.92,4
INV0740,Supplement-236,208.62,3
INV0741,Supplement-73,257.48,5
INV0741,Supplement-37,230.48,4
INV0742,Supplement-187,166.54,3
INV0743,Supplement-190,251.42,1
INV0743,Supplement-1,316.14,2
INV0744,Supplement-96,177.76,3
INV0744,Supplement-163,158.56,4
INV0745,Supplement-46,220.12,1
INV0746,Supplement-64,156.28,3
INV0747,Supplement-153,237.22,5
INV0748,Supplement-64,156.28,3
INV0748,Supplement-200,264.84,4
INV0749,Supplement-60,231.52,3
INV0750,Supplement-67,115.24,3
INV0750,Supplement-131,250.72,2
INV0751,Supplement-124,233.88,4
INV0751,Supplement-100,108.21,3
INV0752,Supplement-67,115.24,3
INV0753,Supplement-200,264.84,1
INV0754,Supplement-183,269.22,4
INV0754,Supplement-132,285.18,3
INV0755,Supplement-52,171.76,4
INV0756,Supplement-28,261.42,1
INV0756,Supplement-190,251.42,4
INV0757,Supplement-24,203.99,2
INV0757,Supplement-159,244.06,5
INV0758,Supplement-216,305.62,2
INV0759,Supplement-74,227.92,2
INV0759,Supplement-170,216.08,1
INV0760,Supplement-90,167.68,2
INV0760,Supplement-160,232.66,1
INV0761,Supplement-151,247.19,2
INV0762,Supplement-239,291.94,1
INV0762,Supplement-173,319.30,1
INV0763,Supplement-43,170.92,2
INV0763,Supplement-153,237.22,2
INV0764,Supplement-174,326.40,5
INV0765,Supplement-79,201.88,3
INV0766,Supplement-219,226.08,3
INV0767,Supplement-196,323.24,4
INV0767,Supplement-148,215.72,4
INV0768,Supplement-38,221.78,3
INV0769,Supplement-24,203.99,3
INV0769,Supplement-214,238.26,2
INV0770,Supplement-63,127.78,2
INV0770,Supplement-168,219.42,5
INV0771,Supplement-64,156.28,2
INV0772,Supplement-238,232.04,1
INV0773,Supplement-196,323.24,3
INV0774,Supplement-2,213.28,5
INV0774,Supplement-121,266.24,5
INV0775,Supplement-52,171.76,3
INV0776,Supplement-63,127.78,2
INV0776,Supplement-171,389.36,5
INV0777,Supplement-46,220.12,5
INV0777,Supplement-244,287.38,1
INV0778,Supplement-60,231.52,5
INV0779,Supplement-47,253.86,5
INV0779,Supplement-22,203.02,5
INV0780,Supplement-218,231.52,3
INV0780,Supplement-177,192.76,4
INV0781,Supplement-106,275.80,2
INV0782,Supplement-176,201.88,5
INV0782,Supplement-101,227.92,2
INV0783,Supplement-179,292.72,3
INV0783,Supplement-118,171.10,5
INV0784,Supplement-233,257.23,5
INV0785,Supplement-204,315.70,3
INV0786,Supplement-236,208.62,3
INV0787,Supplement-3,243.40,5
INV0787,Supplement-127,172.24,4
INV0788,Supplement-20,191.62,3
INV0789,Supplement-68,215.56,5
INV0789,Supplement-55,144.38,3
INV0790,Supplement-157,245.46,3
INV0790,Supplement-133,240.64,1
INV0791,Supplement-92,262.30,1
INV0792,Supplement-82,165.40,4
INV0793,Supplement-40,127.18,3
INV0793,Supplement-38,221.78,2
INV0794,Supplement-207,587.33,4
INV0795,Supplement-144,185.92,2
INV0796,Supplement-13,130.14,2
INV0796,Supplement-111,93.48,1
INV0797,Supplement-79,201.88,1
INV0798,Supplement-158,146.59,5
INV0799,Supplement-144,185.92,5
INV0800,Supplement-185,191.00,3
INV0800,Supplement-120,216.34,4
INV0801,Supplement-75,222.40,1
INV0802,Supplement-58,225.20,3
INV0802,Supplement-110,192.76,1
INV0803,Supplement-212,262.82,2
INV0803,Supplement-150,364.90,1
INV0804,Supplement-213,226.34,3
INV0804,Supplement-176,201.88,4
INV0805,Supplement-21,305.88,1
INV0806,Supplement-161,240.64,1
INV0807,Supplement-190,251.42,5
INV0808,Supplement-135,149.70,5
INV0808,Supplement-104,393.22,2
INV0809,Supplement-20,191.62,3
INV0810,Supplement-47,253.86,2
INV0810,Supplement-155,148.82,1
INV0811,Supplement-55,144.38,1
INV0811,Supplement-27,226.08,3
INV0812,Supplement-54,213.94,1
INV0813,Supplement-67,115.24,4
INV0813,Supplement-59,235.56,1
INV0814,Supplement-117,252.87,2
INV0814,Supplement-104,393.22,5
INV0815,Supplement-242,261.68,1
INV0816,Supplement-229,157.65,1
INV0816,Supplement-108,258.70,4
INV0817,Supplement-155,148.82,5
INV0818,Supplement-243,151.10,3
INV0819,Supplement-181,213.10,4
INV0820,Supplement-159,244.06,1
INV0821,Supplement-204,315.70,3
INV0822,Supplement-35,93.48,1
INV0822,Supplement-13,130.14,3
INV0823,Supplement-88,303.27,4
INV0824,Supplement-190,251.42,3
INV0825,Supplement-230,252.04,3
INV0826,Supplement-211,241.78,1
INV0826,Supplement-114,236.60,1
INV0827,Supplement-194,225.90,3
INV0828,Supplement-70,240.64,4
INV0828,Supplement-107,266.86,2
INV0829,Supplement-75,222.40,1
INV0829,Supplement-43,170.92,1
INV0830,Supplement-166,188.20,4
INV0831,Supplement-30,310.70,2
INV0831,Supplement-121,266.24,1
INV0832,Supplement-89,327.28,2
INV0832,Supplement-159,244.06,2
INV0833,Supplement-147,239.90,2
INV0834,Supplement-86,159.52,5
INV0834,Supplement-200,264.84,3
INV0835,Supplement-98,185.92,4
INV0835,Supplement-50,296.99,5
INV0836,Supplement-89,327.28,2
INV0837,Supplement-132,285.18,4
INV0838,Supplement-240,175.66,2
INV0839,Supplement-123,295.36,2
INV0839,Supplement-105,265.72,3
INV0840,Supplement-93,257.78,1
INV0841,Supplement-236,208.62,1
INV0841,Supplement-151,247.19,4
INV0842,Supplement-37,230.48,5
INV0842,Supplement-234,276.50,3
INV0843,Supplement-72,239.32,1
INV0844,Supplement-224,286.94,2
INV0844,Supplement-169,237.04,3
INV0845,Supplement-157,245.46,2
INV0846,Supplement-97,224.50,1
INV0846,Supplement-164,264.58,1
INV0847,Supplement-26,238.18,5
INV0847,Supplement-186,213.28,1
INV0848,Supplement-72,239.32,4
INV0849,Supplement-86,159.52,5
INV0849,Supplement-173,319.30,2
INV0850,Supplement-70,240.64,5
INV0850,Supplement-43,170.92,3
INV0851,Supplement-6,268.52,3
INV0852,Supplement-149,273.70,2
INV0852,Supplement-103,570.68,4
INV0853,Supplement-19,131.20,2
INV0853,Supplement-125,169.96,5
INV0854,Supplement-209,222.40,5
INV0855,Supplement-13,130.14,4
INV0856,Supplement-6,271.94,1
INV0857,Supplement-70,244.06,3
INV0857,Supplement-37,236.18,1
INV0858,Supplement-66,155.14,4
INV0859,Supplement-215,275.80,4
INV0859,Supplement-162,246.86,1
INV0860,Supplement-221,232.66,4
INV0860,Supplement-150,382.00,3
INV0861,Supplement-93,263.48,5
INV0862,Supplement-4,214.50,4
INV0863,Supplement-200,267.12,2
INV0863,Supplement-174,335.52,5
INV0864,Supplement-99,197.14,2
INV0865,Supplement-42,401.64,3
INV0865,Supplement-147,267.26,2
INV0866,Supplement-60,244.06,1
INV0866,Supplement-32,208.72,4
INV0867,Supplement-94,247.30,3
INV0868,Supplement-50,311.81,2
INV0868,Supplement-140,214.70,2
INV0869,Supplement-160,266.86,1
INV0869,Supplement-119,231.50,1
INV0870,Supplement-40,148.84,3
INV0871,Supplement-73,262.04,5
INV0871,Supplement-185,197.84,5
INV0872,Supplement-140,214.70,3
INV0872,Supplement-131,274.66,1
INV0873,Supplement-29,219.94,3
INV0874,Supplement-192,263.44,5
INV0875,Supplement-127,189.34,5
INV0876,Supplement-237,172.14,2
INV0876,Supplement-102,232.48,5
INV0877,Supplement-238,232.04,1
INV0878,Supplement-83,270.80,2
INV0878,Supplement-221,232.66,2
INV0879,Supplement-92,285.10,2
INV0879,Supplement-24,234.77,1
INV0880,Supplement-87,154.26,3
INV0881,Supplement-7,283.52,2
INV0882,Supplement-133,269.14,3
INV0883,Supplement-98,214.42,5
INV0883,Supplement-186,242.92,4
INV0884,Supplement-4,214.50,4
INV0885,Supplement-200,267.12,2
INV0885,Supplement-152,248.62,2
INV0886,Supplement-47,286.92,3
INV0886,Supplement-124,257.82,1
INV0887,Supplement-31,151.29,2
INV0888,Supplement-196,334.64,2
INV0888,Supplement-159,260.02,4
INV0889,Supplement-96,194.86,3
INV0889,Supplement-42,401.64,1
INV0890,Supplement-159,260.02,2
INV0891,Supplement-91,277.20,4
INV0891,Supplement-16,244.14,5
INV0892,Supplement-18,179.08,5
INV0892,Supplement-15,330.78,5
INV0893,Supplement-244,298.78,5
INV0894,Supplement-80,285.10,3
INV0895,Supplement-234,297.02,5
INV0896,Supplement-42,401.64,4
INV0896,Supplement-41,190.48,3
INV0897,Supplement-235,250.51,5
INV0898,Supplement-87,154.26,4
INV0898,Supplement-108,276.94,4
INV0899,Supplement-20,225.82,3
INV0899,Supplement-176,206.44,2
INV0900,Supplement-100,135.57,2
INV0901,Supplement-95,232.66,4
INV0902,Supplement-210,176.80,3
INV0902,Supplement-131,274.66,1
INV0903,Supplement-16,244.14,3
INV0904,Supplement-105,295.36,2
INV0905,Supplement-85,234.06,5
INV0905,Supplement-227,320.96,1
INV0906,Supplement-150,382.00,3
INV0907,Supplement-236,210.90,3
INV0908,Supplement-22,215.56,1
INV0909,Supplement-93,263.48,5
INV0909,Supplement-219,255.72,1
INV0910,Supplement-205,274.22,3
INV0911,Supplement-223,366.56,3
INV0911,Supplement-114,240.02,3
INV0912,Supplement-62,392.97,3
INV0912,Supplement-50,311.81,3
INV0913,Supplement-215,275.80,1
INV0913,Supplement-185,197.84,3
INV0914,Supplement-244,298.78,4
INV0915,Supplement-177,220.12,3
INV0916,Supplement-31,151.29,4
INV0917,Supplement-207,589.61,2
INV0917,Supplement-124,257.82,2
INV0918,Supplement-223,366.56,1
INV0919,Supplement-66,155.14,5
INV0919,Supplement-63,158.56,3
INV0920,Supplement-211,263.44,5
INV0920,Supplement-106,284.92,2
INV0921,Supplement-120,243.70,2
INV0922,Supplement-22,215.56,2
INV0922,Supplement-214,245.10,1
INV0923,Supplement-157,256.86,5
INV0923,Supplement-14,303.31,3
INV0924,Supplement-158,165.97,2
INV0925,Supplement-214,245.10,5
INV0925,Supplement-164,298.78,2
INV0926,Supplement-188,158.46,5
INV0927,Supplement-40,148.84,4
INV0928,Supplement-88,311.25,4
INV0929,Supplement-26,258.70,1
INV0930,Supplement-87,154.26,2
INV0931,Supplement-88,311.25,3
INV0931,Supplement-7,283.52,4
INV0932,Supplement-203,401.64,5
INV0933,Supplement-193,249.66,3
INV0934,Supplement-112,2710.96,2
INV0935,Supplement-51,167.75,2
INV0935,Supplement-219,255.72,4
INV0936,Supplement-231,359.28,5
INV0937,Supplement-79,216.70,2
INV0937,Supplement-152,248.62,2
INV0938,Supplement-57,168.12,4
INV0938,Supplement-37,236.18,5
INV0939,Supplement-37,236.18,4
INV0940,Supplement-84,175.66,2
INV0940,Supplement-64,167.68,4
INV0941,Supplement-228,193.46,4
INV0941,Supplement-1,336.66,2
INV0942,Supplement-122,272.82,2
INV0943,Supplement-99,197.14,1
INV0943,Supplement-16,244.14,3
INV0944,Supplement-226,142.50,4
INV0944,Supplement-141,218.98,1
INV0945,Supplement-197,278.78,2
INV0946,Supplement-64,167.68,5
INV0947,Supplement-43,190.30,3
INV0948,Supplement-34,259.92,2
INV0948,Supplement-118,181.36,2
INV0949,Supplement-190,284.48,2
INV0950,Supplement-161,240.64,1
INV0950,Supplement-113,99.18,4
INV0951,Supplement-195,295.88,10
INV0952,Supplement-46,220.12,1
INV0953,Supplement-21,307.02,1
INV0953,Supplement-207,589.61,1
INV0954,Supplement-116,221.52,5
INV0955,Supplement-77,236.16,5
INV0955,Supplement-27,251.16,5
INV0956,Supplement-70,244.06,1
INV0956,Supplement-7,283.52,4
INV0957,Supplement-98,214.42,5
INV0958,Supplement-4,214.50,5
INV0958,Supplement-214,245.10,2
INV0959,Supplement-186,242.92,2
INV0959,Supplement-17,264.78,3
INV0960,Supplement-189,180.22,3
INV0961,Supplement-198,231.78,3
INV0961,Supplement-142,141.10,1
INV0962,Supplement-20,225.82,1
INV0962,Supplement-182,279.40,1
INV0963,Supplement-166,205.30,2
INV0964,Supplement-76,297.64,2
INV0965,Supplement-74,250.72,5
INV0966,Supplement-182,279.40,1
INV0966,Supplement-104,396.64,2
INV0967,Supplement-161,240.64,5
INV0968,Supplement-209,233.80,2
INV0968,Supplement-111,119.70,1
INV0969,Supplement-213,253.70,5
INV0969,Supplement-159,260.02,2
INV0970,Supplement-109,211.26,2
INV0971,Supplement-64,167.68,5
INV0972,Supplement-96,194.86,2
INV0972,Supplement-168,251.34,4
INV0973,Supplement-219,255.72,3
INV0974,Supplement-244,298.78,2
INV0974,Supplement-157,256.86,5
INV0975,Supplement-182,279.40,3
INV0975,Supplement-172,201.88,4
INV0976,Supplement-165,311.14,4
INV0977,Supplement-81,314.74,3
INV0977,Supplement-77,236.16,2
INV0978,Supplement-75,236.08,5
INV0978,Supplement-112,2710.96,3
INV0979,Supplement-208,267.82,5
INV0980,Supplement-213,253.70,2
INV0980,Supplement-184,345.78,5
INV0981,Supplement-80,285.10,1
INV0981,Supplement-193,249.66,4
INV0982,Supplement-158,165.97,1
INV0983,Supplement-160,266.86,2
INV0984,Supplement-132,289.74,4
INV0985,Supplement-80,285.10,4
INV0985,Supplement-61,264.58,4
INV0986,Supplement-42,401.64,4
INV0987,Supplement-214,245.10,5
INV0987,Supplement-151,254.03,5
INV0988,Supplement-193,249.66,4
INV0988,Supplement-133,269.14,5
INV0989,Supplement-147,267.26,1
INV0990,Supplement-21,307.02,2
INV0991,Supplement-55,171.74,3
INV0992,Supplement-61,264.58,4
INV0992,Supplement-142,141.10,4
INV0993,Supplement-136,253.18,5
INV0994,Supplement-218,249.76,1
INV0994,Supplement-182,279.40,2
INV0995,Supplement-96,194.86,4
INV0995,Supplement-236,210.90,5
INV0996,Supplement-139,165.40,5
INV0997,Supplement-109,211.26,5
INV0997,Supplement-10,234.26,4
INV0998,Supplement-89,343.24,4
INV0998,Supplement-173,326.14,4
INV0999,Supplement-84,175.66,5
